DATETIME,AIR_COOLED_COMMAND,FOUR_WAY_VALVE,MODBUS_LOCAL,Residential_office_mode,THREE_WAY_COND_OPERATION,THREE_WAY_EVAP_OPERATION,THREE_WAY_SOLAR_OPERATION,BTES_TANK,BTES_TANK_IN,BTES_TANK_OUT,DHW_BUFFER,DHW_INLET,DHW_OUTLET,FLOW_CONDENSER,FLOW_DHW,FLOW_EVAPORATOR,FLOW_FAN_COILS_INDOOR,FLOW_PVT,INDOOR_TEMP,OUTDOOR_TEMP,POWER_HP,POWER_PVT,PVT_IN,PVT_IN_TO_DHW,PVT_IN_TO_SOLAR_BUFFER,PVT_OUT,PVT_OUT_FROM_DHW,PVT_OUT_FROM_SOLAR_BUFFER,PYRANOMETER,SH1_IN,SH1_RETURN,SH_BUFFER,SH_INLET,SH_RETURN,SOLAR_BUFFER_IN,SOLAR_BUFFER_OUT,SOLAR_BUFFER_TANK,WATER_IN_COND,WATER_IN_EVAP,WATER_OUT_COND,WATER_OUT_EVAP
2023-10-28 22:41:19+00:00,False,True,False,False,False,True,True,21.4,19.2,21.1,34.1,24.8,29.7,0.0,0.0,0.0,0.0,0.0,23.1,17.1,0.076,0.0,18.7,27.2,18.7,18.0,28.8,18.4,0.0,22.0,21.0,23.5,18.7,20.7,18.8,18.5,18.4,28.0,22.2,28.7,23.8
2023-10-28 22:41:49+00:00,False,True,False,False,False,True,True,21.4,19.2,21.1,34.1,24.8,29.7,0.0,0.0,0.0,0.0,0.0,23.1,17.0,0.076,0.0,18.7,27.2,18.7,18.0,28.8,18.4,0.0,21.9,21.0,23.5,18.7,20.7,18.8,18.5,18.4,28.0,22.2,28.7,23.8
2023-10-28 22:42:19+00:00,False,True,False,False,False,True,True,21.4,19.2,21.1,34.1,24.8,29.7,0.0,0.0,0.0,0.0,0.0,23.1,17.0,0.076,0.0,18.7,27.2,18.7,18.0,28.8,18.4,0.0,21.9,21.0,23.5,18.7,20.7,18.8,18.5,18.4,28.0,22.2,28.7,23.8
2023-10-28 22:42:49+00:00,False,True,False,False,False,True,True,21.4,19.2,21.1,34.1,24.8,29.7,0.0,0.0,0.0,0.0,0.0,23.1,17.0,0.077,0.0,18.7,27.2,18.7,18.0,28.8,18.4,0.0,21.9,21.0,23.5,18.7,20.7,18.8,18.5,18.4,28.0,22.2,28.7,23.8
2023-10-28 22:43:19+00:00,False,True,False,False,False,True,True,21.4,19.2,21.1,34.1,24.8,29.7,0.0,0.0,0.0,0.0,0.0,23.1,17.2,0.077,0.0,18.7,27.2,18.7,18.0,28.8,18.4,0.0,21.9,21.0,23.5,18.7,20.7,18.8,18.5,18.4,28.0,22.2,28.7,23.7
2023-10-28 22:43:50+00:00,False,True,False,False,False,True,True,21.4,19.2,21.1,34.1,24.8,29.7,0.0,0.0,0.0,0.0,0.0,23.1,17.2,0.076,0.0,18.7,27.2,18.7,18.0,28.8,18.4,0.0,21.9,21.0,23.5,18.7,20.7,18.8,18.5,18.4,28.0,22.2,28.7,23.7
2023-10-28 22:44:20+00:00,False,True,False,False,False,True,True,21.4,19.2,21.1,34.1,24.8,29.7,0.0,0.0,0.0,0.0,0.0,23.1,17.1,0.077,0.0,18.7,27.2,18.7,18.0,28.8,18.4,0.0,21.9,21.0,23.5,18.7,20.7,18.8,18.5,18.4,28.0,22.2,28.7,23.7
2023-10-28 22:44:50+00:00,False,True,False,False,False,True,True,21.4,19.2,21.1,34.1,24.8,29.7,0.0,0.0,0.0,0.0,0.0,23.1,17.0,0.077,0.0,18.7,27.2,18.7,18.0,28.8,18.4,0.0,21.9,21.0,23.5,18.7,20.7,18.8,18.5,18.4,28.0,22.2,28.7,23.7
2023-10-28 22:45:20+00:00,False,True,False,False,False,True,True,21.4,19.2,21.1,34.1,24.8,29.7,0.0,0.0,0.0,0.0,0.0,23.1,17.2,0.076,0.0,18.7,27.2,18.7,18.0,28.8,18.4,0.0,21.9,21.0,23.5,18.7,20.7,18.8,18.5,18.4,28.0,22.2,28.7,23.7
2023-10-28 22:45:51+00:00,False,True,False,False,False,True,True,21.4,19.2,21.1,34.1,24.8,29.7,0.0,0.0,0.0,0.0,0.0,23.1,17.2,0.077,0.0,18.7,27.2,18.7,18.0,28.8,18.4,0.0,21.9,21.0,23.5,18.7,20.7,18.8,18.5,18.4,28.0,22.2,28.7,23.7
2023-10-28 22:46:21+00:00,False,True,False,False,False,True,True,21.4,19.2,21.1,34.1,24.8,29.7,0.0,0.0,0.0,0.0,0.0,23.1,17.0,0.077,0.0,18.7,27.2,18.7,18.0,28.8,18.4,0.0,21.9,21.0,23.5,18.7,20.7,18.8,18.5,18.4,28.0,22.2,28.7,23.7
2023-10-28 22:46:51+00:00,False,True,False,False,False,True,True,21.4,19.1,21.1,34.1,24.8,29.7,0.0,0.0,0.0,0.0,0.0,23.1,17.1,0.076,0.0,18.7,27.2,18.7,18.0,28.8,18.4,0.0,21.9,21.0,23.5,18.7,20.7,18.8,18.5,18.4,28.0,22.2,28.7,23.7
2023-10-28 22:47:21+00:00,False,True,False,False,False,True,True,21.4,19.1,21.1,34.1,24.8,29.7,0.0,0.0,0.0,0.0,0.0,23.1,17.0,0.076,0.0,18.7,27.2,18.7,18.0,28.8,18.4,0.0,21.9,21.0,23.5,18.7,20.7,18.8,18.5,18.4,28.0,22.2,28.7,23.7
2023-10-28 22:47:51+00:00,False,True,False,False,False,True,True,21.4,19.1,21.1,34.1,24.8,29.7,0.0,0.0,0.0,0.0,0.0,23.1,17.2,0.077,0.0,18.7,27.2,18.7,18.0,28.8,18.4,0.0,21.9,21.0,23.5,18.7,20.7,18.8,18.5,18.4,28.0,22.2,28.7,23.7
2023-10-28 22:48:22+00:00,False,True,False,False,False,True,True,21.4,19.1,21.1,34.1,24.8,29.7,0.0,0.0,0.0,0.0,0.0,23.1,17.0,0.076,0.0,18.7,27.2,18.7,18.0,28.8,18.4,0.0,21.9,21.0,23.5,18.7,20.7,18.8,18.5,18.4,28.0,22.2,28.7,23.7
2023-10-28 22:48:52+00:00,False,True,False,False,False,True,True,21.4,19.1,21.1,34.1,24.8,29.7,0.0,0.0,0.0,0.0,0.0,23.0,16.9,0.077,0.0,18.7,27.2,18.7,18.0,28.8,18.4,0.0,21.9,21.0,23.5,18.7,20.6,18.8,18.5,18.4,28.0,22.2,28.7,23.7
2023-10-28 22:49:22+00:00,False,True,False,False,False,True,True,21.4,19.1,21.1,34.1,24.8,29.7,0.0,0.0,0.0,0.0,0.0,23.0,17.1,0.077,0.0,18.7,27.2,18.7,17.9,28.8,18.4,0.0,21.9,21.0,23.5,18.7,20.6,18.8,18.4,18.4,28.0,22.2,28.7,23.7
2023-10-28 22:49:52+00:00,False,True,False,False,False,True,True,21.4,19.1,21.1,34.1,24.8,29.7,0.0,0.0,0.0,0.0,0.0,23.0,16.9,0.077,0.0,18.7,27.2,18.7,17.9,28.8,18.4,0.0,21.9,21.0,23.5,18.7,20.6,18.8,18.4,18.4,28.0,22.2,28.7,23.7
2023-10-28 22:50:22+00:00,False,True,False,False,False,True,True,21.4,19.1,21.1,34.1,24.8,29.7,0.0,0.0,0.0,0.0,0.0,23.1,17.1,0.077,0.0,18.7,27.2,18.7,17.9,28.8,18.4,0.0,21.9,21.0,23.5,18.7,20.6,18.8,18.4,18.4,28.0,22.2,28.7,23.7
2023-10-28 22:50:52+00:00,False,True,False,False,False,True,True,21.4,19.1,21.1,34.1,24.8,29.7,0.0,0.0,0.0,0.0,0.0,23.1,17.0,0.077,0.0,18.7,27.2,18.7,17.9,28.8,18.4,0.0,21.9,21.0,23.5,18.6,20.6,18.8,18.4,18.4,28.0,22.2,28.7,23.7
2023-10-28 22:51:23+00:00,False,True,False,False,False,True,True,21.4,19.1,21.1,34.1,24.8,29.7,0.0,0.0,0.0,0.0,0.0,23.0,16.9,0.077,0.0,18.7,27.2,18.7,17.9,28.8,18.4,0.0,21.9,21.0,23.5,18.6,20.6,18.8,18.4,18.4,28.0,22.2,28.7,23.7
2023-10-28 22:51:53+00:00,False,True,False,False,False,True,True,21.4,19.1,21.1,34.1,24.8,29.7,0.0,0.0,0.0,0.0,0.0,23.0,17.0,0.077,0.0,18.7,27.2,18.6,17.9,28.8,18.3,0.0,21.9,21.0,23.5,18.6,20.6,18.8,18.4,18.4,28.0,22.2,28.7,23.7
2023-10-28 22:52:23+00:00,False,True,False,False,False,True,True,21.4,19.1,21.1,34.1,24.8,29.7,0.0,0.0,0.0,0.0,0.0,23.0,16.9,0.077,0.0,18.7,27.2,18.6,17.9,28.8,18.3,0.0,21.9,21.0,23.5,18.6,20.6,18.8,18.4,18.4,27.9,22.2,28.7,23.7
2023-10-28 22:52:53+00:00,False,True,False,False,False,True,True,21.4,19.1,21.1,34.1,24.8,29.7,0.0,0.0,0.0,0.0,0.0,23.0,16.9,0.076,0.0,18.7,27.2,18.6,17.9,28.8,18.3,0.0,21.9,21.0,23.5,18.6,20.6,18.8,18.4,18.4,27.9,22.2,28.7,23.7
2023-10-28 22:53:24+00:00,False,True,False,False,False,True,True,21.4,19.1,21.1,34.1,24.8,29.7,0.0,0.0,0.0,0.0,0.0,23.0,16.9,0.077,0.0,18.7,27.2,18.6,17.9,28.8,18.3,0.0,21.9,21.0,23.5,18.6,20.6,18.8,18.4,18.4,27.9,22.2,28.6,23.7
2023-10-28 22:53:54+00:00,False,True,False,False,False,True,True,21.4,19.1,21.1,34.1,24.7,29.7,0.0,0.0,0.0,0.0,0.0,23.1,16.8,0.077,0.0,18.7,27.2,18.6,17.9,28.8,18.3,0.0,21.9,21.0,23.5,18.6,20.6,18.8,18.4,18.4,27.9,22.1,28.6,23.7
2023-10-28 22:54:25+00:00,False,True,False,False,False,True,True,21.4,19.1,21.1,34.1,24.7,29.7,0.0,0.0,0.0,0.0,0.0,23.1,17.0,0.077,0.0,18.7,27.1,18.6,17.9,28.8,18.3,0.0,21.9,21.0,23.5,18.6,20.6,18.8,18.4,18.4,27.9,22.1,28.6,23.7
2023-10-28 22:54:55+00:00,False,True,False,False,False,True,True,21.4,19.1,21.1,34.1,24.7,29.7,0.0,0.0,0.0,0.0,0.0,23.1,16.8,0.077,0.0,18.6,27.1,18.6,17.9,28.8,18.3,0.0,21.9,21.0,23.5,18.6,20.6,18.8,18.4,18.4,27.9,22.1,28.6,23.7
2023-10-28 22:55:25+00:00,False,True,False,False,False,True,True,21.4,19.1,21.1,34.1,24.7,29.7,0.0,0.0,0.0,0.0,0.0,23.1,16.9,0.077,0.0,18.6,27.1,18.6,17.9,28.8,18.3,0.0,21.9,21.0,23.5,18.6,20.6,18.8,18.4,18.4,27.9,22.1,28.6,23.7
2023-10-28 22:55:55+00:00,False,True,False,False,False,True,True,21.4,19.1,21.1,34.1,24.7,29.7,0.0,0.0,0.0,0.0,0.0,23.1,17.0,0.076,0.0,18.6,27.1,18.6,17.9,28.8,18.3,0.0,21.9,21.0,23.5,18.6,20.6,18.8,18.4,18.4,27.9,22.1,28.6,23.7
2023-10-28 22:56:25+00:00,False,True,False,False,False,True,True,21.4,19.1,21.1,34.1,24.7,29.7,0.0,0.0,0.0,0.0,0.0,23.1,16.8,0.076,0.0,18.6,27.1,18.6,17.9,28.8,18.3,0.0,21.9,20.9,23.5,18.6,20.6,18.8,18.4,18.4,27.9,22.1,28.6,23.7
2023-10-28 22:56:55+00:00,False,True,False,False,False,True,True,21.4,19.1,21.1,34.1,24.7,29.7,0.0,0.0,0.0,0.0,0.0,23.1,16.9,0.076,0.0,18.6,27.1,18.6,17.9,28.8,18.3,0.0,21.9,20.9,23.5,18.6,20.6,18.8,18.4,18.4,27.9,22.1,28.6,23.7
2023-10-28 22:57:26+00:00,False,True,False,False,False,True,True,21.4,19.1,21.1,34.1,24.7,29.7,0.0,0.0,0.0,0.0,0.0,23.1,16.8,0.077,0.0,18.6,27.1,18.6,17.9,28.8,18.3,0.0,21.9,20.9,23.5,18.6,20.6,18.8,18.4,18.4,27.9,22.1,28.6,23.7
2023-10-28 22:57:56+00:00,False,True,False,False,False,True,True,21.4,19.1,21.1,34.1,24.7,29.7,0.0,0.0,0.0,0.0,0.0,23.1,16.7,0.076,0.0,18.6,27.1,18.6,17.9,28.8,18.3,0.0,21.9,20.9,23.5,18.6,20.6,18.8,18.4,18.4,27.9,22.1,28.6,23.7
2023-10-28 22:58:26+00:00,False,True,False,False,False,True,True,21.4,19.1,21.1,34.1,24.7,29.7,0.0,0.0,0.0,0.0,0.0,23.1,16.8,0.076,0.0,18.6,27.1,18.6,17.9,28.8,18.3,0.0,21.9,20.9,23.5,18.6,20.6,18.7,18.4,18.4,27.9,22.1,28.6,23.7
2023-10-28 22:58:57+00:00,False,True,False,False,False,True,True,21.4,19.1,21.1,34.1,24.7,29.7,0.0,0.0,0.0,0.0,0.0,23.1,16.9,0.076,0.0,18.6,27.1,18.6,17.9,28.8,18.3,0.0,21.9,20.9,23.5,18.6,20.6,18.7,18.4,18.4,27.9,22.1,28.6,23.7
2023-10-28 22:59:27+00:00,False,True,False,False,False,True,True,21.4,19.0,21.1,34.1,24.7,29.7,0.0,0.0,0.0,0.0,0.0,23.0,16.8,0.076,0.0,18.6,27.1,18.6,17.9,28.8,18.3,0.0,21.9,20.9,23.5,18.6,20.6,18.7,18.4,18.4,27.9,22.1,28.6,23.7
2023-10-28 22:59:57+00:00,False,True,False,False,False,True,True,21.4,19.0,21.1,34.1,24.7,29.7,0.0,0.0,0.0,0.0,0.0,23.0,16.9,0.076,0.0,18.6,27.1,18.6,17.9,28.8,18.3,0.0,21.9,20.9,23.5,18.6,20.6,18.7,18.4,18.4,27.9,22.1,28.6,23.7
2023-10-28 23:00:27+00:00,False,True,False,False,False,True,True,21.4,19.0,21.1,34.1,24.7,29.7,0.0,0.0,0.0,0.0,0.0,23.0,16.9,0.077,0.0,18.6,27.1,18.6,17.9,28.8,18.2,0.0,21.9,20.9,23.5,18.6,20.6,18.7,18.4,18.4,27.9,22.1,28.6,23.7
2023-10-28 23:00:58+00:00,False,True,False,False,False,True,True,21.4,19.0,21.1,34.1,24.7,29.6,0.0,0.0,0.0,0.0,0.0,23.1,16.8,0.076,0.0,18.6,27.1,18.5,17.8,28.8,18.2,0.0,21.9,20.9,23.5,18.6,20.6,18.7,18.4,18.4,27.9,22.1,28.6,23.7
2023-10-28 23:01:28+00:00,False,True,False,False,False,True,True,21.4,19.0,21.1,34.1,24.7,29.6,0.0,0.0,0.0,0.0,0.0,23.1,16.8,0.076,0.0,18.6,27.1,18.5,17.8,28.8,18.2,0.0,21.9,20.9,23.5,18.6,20.5,18.7,18.4,18.4,27.9,22.1,28.6,23.7
2023-10-28 23:01:58+00:00,False,True,False,False,False,True,True,21.4,19.0,21.1,34.1,24.7,29.6,0.0,0.0,0.0,0.0,0.0,23.1,16.7,0.076,0.0,18.6,27.1,18.5,17.8,28.8,18.2,0.0,21.9,20.9,23.5,18.6,20.5,18.7,18.4,18.4,27.9,22.1,28.6,23.7
2023-10-28 23:02:29+00:00,False,True,False,False,False,True,True,21.4,19.0,21.1,34.1,24.7,29.6,0.0,0.0,0.0,0.0,0.0,23.1,16.8,0.077,0.0,18.6,27.1,18.5,17.8,28.8,18.2,0.0,21.9,20.9,23.5,18.5,20.5,18.7,18.4,18.4,27.9,22.1,28.6,23.7
2023-10-28 23:02:59+00:00,False,True,False,False,False,True,True,21.4,19.0,21.1,34.1,24.7,29.6,0.0,0.0,0.0,0.0,0.0,23.1,16.7,0.076,0.0,18.6,27.1,18.5,17.8,28.8,18.2,0.0,21.9,20.9,23.5,18.5,20.5,18.7,18.4,18.4,27.9,22.1,28.6,23.7
2023-10-28 23:03:29+00:00,False,True,False,False,False,True,True,21.4,19.0,21.1,34.1,24.7,29.6,0.0,0.0,0.0,0.0,0.0,23.1,16.7,0.076,0.0,18.6,27.1,18.5,17.8,28.8,18.2,0.0,21.9,20.9,23.5,18.5,20.5,18.7,18.3,18.4,27.9,22.1,28.6,23.7
2023-10-28 23:03:59+00:00,False,True,False,False,False,True,True,21.4,19.0,21.1,34.1,24.7,29.6,0.0,0.0,0.0,0.0,0.0,23.1,16.8,0.077,0.0,18.6,27.1,18.5,17.8,28.8,18.2,0.0,21.9,20.9,23.5,18.5,20.5,18.7,18.3,18.4,27.9,22.1,28.6,23.7
2023-10-28 23:04:30+00:00,False,True,False,False,False,True,True,21.4,19.0,21.1,34.1,24.7,29.6,0.0,0.0,0.0,0.0,0.0,23.1,16.7,0.077,0.0,18.6,27.1,18.5,17.8,28.8,18.2,0.0,21.9,20.9,23.5,18.5,20.5,18.7,18.3,18.4,27.9,22.1,28.6,23.7
2023-10-28 23:05:00+00:00,False,True,False,False,False,True,True,21.4,19.0,21.1,34.1,24.7,29.6,0.0,0.0,0.0,0.0,0.0,23.0,16.7,0.077,0.0,18.6,27.1,18.5,17.8,28.8,18.2,0.0,21.9,20.9,23.5,18.5,20.5,18.7,18.3,18.4,27.9,22.1,28.6,23.7
2023-10-28 23:05:30+00:00,False,True,False,False,False,True,True,21.4,19.0,21.1,34.1,24.7,29.6,0.0,0.0,0.0,0.0,0.0,23.0,16.6,0.077,0.0,18.6,27.1,18.5,17.8,28.7,18.2,0.0,21.9,20.9,23.5,18.5,20.5,18.7,18.3,18.4,27.9,22.1,28.6,23.7
2023-10-28 23:06:00+00:00,False,True,False,False,False,True,True,21.4,19.0,21.1,34.1,24.7,29.6,0.0,0.0,0.0,0.0,0.0,23.0,16.6,0.077,0.0,18.6,27.1,18.5,17.8,28.7,18.2,0.0,21.9,20.9,23.5,18.5,20.5,18.7,18.3,18.4,27.9,22.1,28.6,23.7
2023-10-28 23:06:31+00:00,False,True,False,False,False,True,True,21.4,19.0,21.1,34.1,24.7,29.6,0.0,0.0,0.0,0.0,0.0,23.0,16.6,0.076,0.0,18.6,27.1,18.5,17.8,28.7,18.2,0.0,21.9,20.9,23.5,18.5,20.5,18.7,18.3,18.4,27.9,22.1,28.6,23.7
2023-10-28 23:07:01+00:00,False,True,False,False,False,True,True,21.4,19.0,21.1,34.1,24.7,29.6,0.0,0.0,0.0,0.0,0.0,23.0,16.6,0.076,0.0,18.6,27.1,18.5,17.8,28.7,18.2,0.0,21.9,20.9,23.5,18.5,20.5,18.7,18.3,18.4,27.9,22.1,28.6,23.7
2023-10-28 23:07:31+00:00,False,True,False,False,False,True,True,21.4,19.0,21.1,34.0,24.7,29.6,0.0,0.0,0.0,0.0,0.0,23.0,16.7,0.077,0.0,18.6,27.1,18.5,17.8,28.7,18.2,0.0,21.9,20.9,23.5,18.5,20.5,18.7,18.3,18.4,27.9,22.1,28.6,23.7
2023-10-28 23:08:01+00:00,False,True,False,False,False,True,True,21.4,19.0,21.1,34.1,24.7,29.6,0.0,0.0,0.0,0.0,0.0,23.0,16.8,0.077,0.0,18.5,27.1,18.5,17.8,28.7,18.2,0.0,21.9,20.9,23.5,18.5,20.5,18.7,18.3,18.4,27.9,22.1,28.6,23.7
2023-10-28 23:08:31+00:00,False,True,False,False,False,True,True,21.4,19.0,21.1,34.1,24.7,29.6,0.0,0.0,0.0,0.0,0.0,23.0,16.6,0.077,0.0,18.5,27.1,18.5,17.8,28.7,18.1,0.0,21.9,20.9,23.5,18.5,20.5,18.7,18.3,18.4,27.9,22.1,28.6,23.6
2023-10-28 23:09:01+00:00,False,True,False,False,False,True,True,21.4,19.0,21.1,34.0,24.7,29.6,0.0,0.0,0.0,0.0,0.0,23.0,16.6,0.076,0.0,18.5,27.1,18.5,17.8,28.7,18.1,0.0,21.9,20.9,23.5,18.5,20.5,18.7,18.3,18.4,27.9,22.1,28.6,23.6
2023-10-28 23:09:32+00:00,False,True,False,False,False,True,True,21.4,19.0,21.1,34.0,24.7,29.6,0.0,0.0,0.0,0.0,0.0,23.0,16.6,0.076,0.0,18.5,27.1,18.5,17.8,28.7,18.1,0.0,21.9,20.9,23.5,18.5,20.5,18.7,18.3,18.4,27.9,22.1,28.6,23.6
2023-10-28 23:10:02+00:00,False,True,False,False,False,True,True,21.4,19.0,21.1,34.0,24.7,29.6,0.0,0.0,0.0,0.0,0.0,23.0,16.6,0.076,0.0,18.5,27.1,18.5,17.8,28.7,18.1,0.0,21.9,20.9,23.5,18.5,20.5,18.7,18.3,18.4,27.9,22.1,28.6,23.6
2023-10-28 23:10:32+00:00,False,True,False,False,False,True,True,21.4,19.0,21.1,34.0,24.7,29.6,0.0,0.0,0.0,0.0,0.0,23.0,16.7,0.076,0.0,18.5,27.1,18.4,17.8,28.7,18.1,0.0,21.9,20.9,23.5,18.5,20.5,18.7,18.3,18.4,27.9,22.1,28.6,23.6
2023-10-28 23:11:02+00:00,False,True,False,False,False,True,True,21.4,19.0,21.1,34.0,24.7,29.6,0.0,0.0,0.0,0.0,0.0,23.0,16.8,0.077,0.0,18.5,27.1,18.4,17.8,28.7,18.1,0.0,21.9,20.9,23.5,18.5,20.5,18.7,18.3,18.4,27.9,22.1,28.6,23.6
2023-10-28 23:11:32+00:00,False,True,False,False,False,True,True,21.4,18.9,21.1,34.0,24.7,29.6,0.0,0.0,0.0,0.0,0.0,23.0,16.8,0.077,0.0,18.5,27.1,18.4,17.7,28.7,18.1,0.0,21.9,20.9,23.5,18.5,20.5,18.7,18.3,18.4,27.9,22.1,28.6,23.6
2023-10-28 23:12:02+00:00,False,True,False,False,False,True,True,21.4,18.9,21.0,34.0,24.7,29.6,0.0,0.0,0.0,0.0,0.0,23.0,16.8,0.076,0.0,18.5,27.1,18.4,17.7,28.7,18.1,0.0,21.9,20.9,23.5,18.5,20.5,18.6,18.3,18.4,27.9,22.1,28.6,23.6
2023-10-28 23:12:33+00:00,False,True,False,False,False,True,True,21.4,18.9,21.1,34.0,24.7,29.6,0.0,0.0,0.0,0.0,0.0,23.0,16.8,0.076,0.0,18.5,27.1,18.4,17.7,28.7,18.1,0.0,21.9,20.9,23.5,18.5,20.4,18.6,18.3,18.4,27.9,22.1,28.6,23.6
2023-10-28 23:13:03+00:00,False,True,False,False,False,True,True,21.4,18.9,21.0,34.0,24.7,29.6,0.0,0.0,0.0,0.0,0.0,23.0,16.8,0.076,0.0,18.5,27.1,18.4,17.7,28.7,18.1,0.0,21.9,20.9,23.5,18.4,20.4,18.6,18.3,18.4,27.9,22.1,28.6,23.6
2023-10-28 23:13:33+00:00,False,True,False,False,False,True,True,21.4,18.9,21.1,34.0,24.7,29.6,0.0,0.0,0.0,0.0,0.0,23.0,16.6,0.076,0.0,18.5,27.1,18.4,17.7,28.7,18.1,0.0,21.9,20.9,23.5,18.5,20.4,18.6,18.3,18.4,27.9,22.1,28.6,23.6
2023-10-28 23:14:03+00:00,False,True,False,False,False,True,True,21.4,18.9,21.1,34.0,24.7,29.6,0.0,0.0,0.0,0.0,0.0,23.0,16.6,0.076,0.0,18.5,27.1,18.4,17.7,28.7,18.1,0.0,21.9,20.9,23.5,18.5,20.4,18.6,18.3,18.4,27.9,22.1,28.6,23.6
2023-10-28 23:14:34+00:00,False,True,False,False,False,True,True,21.4,18.9,21.0,34.0,24.7,29.6,0.0,0.0,0.0,0.0,0.0,23.0,16.7,0.076,0.0,18.5,27.1,18.4,17.7,28.7,18.1,0.0,21.8,20.8,23.5,18.4,20.4,18.6,18.3,18.4,27.9,22.1,28.6,23.6
2023-10-28 23:15:04+00:00,False,True,False,False,False,True,True,21.4,18.9,21.0,34.0,24.7,29.6,0.0,0.0,0.0,0.0,0.0,23.0,16.6,0.076,0.0,18.5,27.1,18.4,17.7,28.7,18.1,0.0,21.8,20.8,23.5,18.4,20.4,18.6,18.3,18.4,27.9,22.1,28.6,23.6
2023-10-28 23:15:34+00:00,False,True,False,False,False,True,True,21.4,18.9,21.0,34.0,24.7,29.6,0.0,0.0,0.0,0.0,0.0,23.0,16.7,0.076,0.0,18.5,27.1,18.4,17.7,28.7,18.1,0.0,21.8,20.8,23.5,18.4,20.4,18.6,18.2,18.4,27.9,22.1,28.6,23.6
2023-10-28 23:16:05+00:00,False,True,False,False,False,True,True,21.4,18.9,21.0,34.0,24.7,29.6,0.0,0.0,0.0,0.0,0.0,23.0,16.5,0.076,0.0,18.5,27.1,18.4,17.7,28.7,18.1,0.0,21.8,20.8,23.5,18.4,20.4,18.6,18.2,18.4,27.9,22.0,28.6,23.6
2023-10-28 23:16:35+00:00,False,True,False,False,False,True,True,21.4,18.9,21.0,34.0,24.7,29.6,0.0,0.0,0.0,0.0,0.0,23.0,16.5,0.076,0.0,18.5,27.0,18.4,17.7,28.7,18.1,0.0,21.8,20.8,23.5,18.4,20.4,18.6,18.2,18.4,27.9,22.0,28.6,23.6
2023-10-28 23:17:05+00:00,False,True,False,False,False,True,True,21.4,18.9,21.0,34.0,24.7,29.6,0.0,0.0,0.0,0.0,0.0,23.0,16.6,0.076,0.0,18.5,27.0,18.4,17.7,28.7,18.1,0.0,21.8,20.8,23.5,18.4,20.4,18.6,18.2,18.4,27.9,22.0,28.6,23.6
2023-10-28 23:17:35+00:00,False,True,False,False,False,True,True,21.4,18.9,21.0,34.0,24.7,29.6,0.0,0.0,0.0,0.0,0.0,23.0,16.8,0.076,0.0,18.5,27.0,18.4,17.7,28.7,18.1,0.0,21.8,20.8,23.5,18.4,20.4,18.6,18.2,18.4,27.8,22.0,28.6,23.6
2023-10-28 23:18:06+00:00,False,True,False,False,False,True,True,21.4,18.9,21.0,34.0,24.7,29.6,0.0,0.0,0.0,0.0,0.0,23.0,16.6,0.076,0.0,18.5,27.0,18.4,17.7,28.7,18.0,0.0,21.8,20.8,23.5,18.4,20.4,18.6,18.2,18.4,27.8,22.0,28.6,23.6
2023-10-28 23:18:36+00:00,False,True,False,False,False,True,True,21.4,18.9,21.0,34.0,24.7,29.6,0.0,0.0,0.0,0.0,0.0,23.0,16.6,0.076,0.0,18.5,27.0,18.4,17.7,28.7,18.0,0.0,21.8,20.8,23.5,18.4,20.4,18.6,18.2,18.4,27.8,22.0,28.6,23.6
2023-10-28 23:19:06+00:00,False,True,False,False,False,True,True,21.4,18.9,21.0,34.0,24.7,29.6,0.0,0.0,0.0,0.0,0.0,23.0,16.7,0.077,0.0,18.5,27.0,18.4,17.7,28.7,18.0,0.0,21.8,20.8,23.5,18.4,20.4,18.6,18.2,18.4,27.8,22.0,28.6,23.6
2023-10-28 23:19:36+00:00,False,True,False,False,False,True,True,21.4,18.9,21.0,34.0,24.7,29.6,0.0,0.0,0.0,0.0,0.0,23.0,16.5,0.076,0.0,18.4,27.0,18.4,17.7,28.7,18.0,0.0,21.8,20.8,23.5,18.4,20.4,18.6,18.2,18.4,27.8,22.0,28.6,23.6
2023-10-28 23:20:06+00:00,False,True,False,False,False,True,True,21.4,18.9,21.0,34.0,24.6,29.6,0.0,0.0,0.0,0.0,0.0,23.0,16.6,0.076,0.0,18.4,27.0,18.4,17.7,28.7,18.0,0.0,21.8,20.8,23.5,18.4,20.4,18.6,18.2,18.4,27.8,22.0,28.6,23.6
2023-10-28 23:20:37+00:00,False,True,False,False,False,True,True,21.4,18.9,21.0,34.0,24.6,29.6,0.0,0.0,0.0,0.0,0.0,23.0,16.5,0.077,0.0,18.4,27.0,18.4,17.7,28.7,18.0,0.0,21.8,20.8,23.5,18.4,20.4,18.6,18.2,18.4,27.8,22.0,28.6,23.6
2023-10-28 23:21:09+00:00,False,True,False,False,False,True,True,21.4,18.9,21.0,34.0,24.6,29.6,0.0,0.0,0.0,0.0,0.0,23.0,16.5,0.076,0.0,18.4,27.0,18.3,17.7,28.7,18.0,0.0,21.8,20.8,23.5,18.4,20.4,18.6,18.2,18.4,27.8,22.0,28.6,23.6
2023-10-28 23:21:42+00:00,False,True,False,False,False,True,True,21.4,18.9,21.0,34.0,24.6,29.6,0.0,0.0,0.0,0.0,0.0,23.0,16.5,0.077,0.0,18.4,27.0,18.3,17.7,28.7,18.0,0.0,21.8,20.8,23.5,18.4,20.4,18.6,18.2,18.4,27.8,22.0,28.6,23.6
2023-10-28 23:22:19+00:00,False,True,False,False,False,True,True,21.4,18.9,21.0,34.0,24.6,29.6,0.0,0.0,0.0,0.0,0.0,23.0,16.5,0.076,0.0,18.4,27.0,18.3,17.6,28.7,18.0,0.0,21.8,20.8,23.5,18.4,20.4,18.6,18.2,18.4,27.8,22.0,28.6,23.6
2023-10-28 23:22:52+00:00,False,True,False,False,False,True,True,21.4,18.9,21.0,34.0,24.6,29.6,0.0,0.0,0.0,0.0,0.0,23.0,16.4,0.076,0.0,18.4,27.0,18.3,17.6,28.7,18.0,0.0,21.8,20.8,23.5,18.4,20.3,18.6,18.2,18.4,27.8,22.0,28.6,23.6
2023-10-28 23:23:25+00:00,False,True,False,False,False,True,True,21.4,18.9,21.0,34.0,24.6,29.6,0.0,0.0,0.0,0.0,0.0,23.0,16.5,0.077,0.0,18.4,27.0,18.3,17.6,28.7,18.0,0.0,21.8,20.8,23.5,18.4,20.3,18.6,18.2,18.4,27.8,22.0,28.6,23.6
2023-10-28 23:23:56+00:00,False,True,False,False,False,True,True,21.4,18.8,21.0,34.0,24.6,29.6,0.0,0.0,0.0,0.0,0.0,23.0,16.7,0.076,0.0,18.4,27.0,18.3,17.6,28.7,18.0,0.0,21.8,20.8,23.5,18.4,20.3,18.6,18.2,18.4,27.8,22.0,28.6,23.6
2023-10-28 23:24:26+00:00,False,True,False,False,False,True,True,21.4,18.8,21.0,34.0,24.6,29.6,0.0,0.0,0.0,0.0,0.0,23.0,16.6,0.076,0.0,18.4,27.0,18.3,17.6,28.7,18.0,0.0,21.8,20.8,23.5,18.4,20.3,18.6,18.2,18.4,27.8,22.0,28.6,23.6
2023-10-28 23:24:56+00:00,False,True,False,False,False,True,True,21.4,18.8,21.0,34.0,24.6,29.6,0.0,0.0,0.0,0.0,0.0,23.0,16.6,0.076,0.0,18.4,27.0,18.3,17.6,28.7,18.0,0.0,21.8,20.8,23.5,18.3,20.3,18.6,18.2,18.4,27.8,22.0,28.6,23.6
2023-10-28 23:25:27+00:00,False,True,False,False,False,True,True,21.4,18.8,21.0,34.0,24.6,29.6,0.0,0.0,0.0,0.0,0.0,23.0,16.5,0.077,0.0,18.4,27.0,18.3,17.6,28.7,18.0,0.0,21.8,20.8,23.5,18.3,20.3,18.5,18.2,18.4,27.8,22.0,28.5,23.6
2023-10-28 23:25:57+00:00,False,True,False,False,False,True,True,21.4,18.8,21.0,34.0,24.6,29.6,0.0,0.0,0.0,0.0,0.0,23.0,16.5,0.076,0.0,18.4,27.0,18.3,17.6,28.7,18.0,0.0,21.8,20.8,23.5,18.3,20.3,18.5,18.2,18.4,27.8,22.0,28.5,23.6
2023-10-28 23:26:27+00:00,False,True,False,False,False,True,True,21.4,18.8,21.0,34.0,24.6,29.6,0.0,0.0,0.0,0.0,0.0,23.0,16.4,0.076,0.0,18.4,27.0,18.3,17.6,28.7,18.0,0.0,21.8,20.8,23.5,18.3,20.3,18.5,18.2,18.4,27.8,22.0,28.5,23.6
2023-10-28 23:26:57+00:00,False,True,False,False,False,True,True,21.4,18.8,21.0,34.0,24.6,29.6,0.0,0.0,0.0,0.0,0.0,23.0,16.5,0.076,0.0,18.4,27.0,18.3,17.6,28.7,18.0,0.0,21.8,20.8,23.5,18.3,20.3,18.5,18.2,18.4,27.8,22.0,28.5,23.6
2023-10-28 23:27:27+00:00,False,True,False,False,False,True,True,21.4,18.8,21.0,34.0,24.6,29.6,0.0,0.0,0.0,0.0,0.0,23.0,16.4,0.076,0.0,18.4,27.0,18.3,17.6,28.7,17.9,0.0,21.8,20.8,23.5,18.3,20.3,18.5,18.2,18.4,27.8,22.0,28.5,23.6
2023-10-28 23:27:58+00:00,False,True,False,False,False,True,True,21.4,18.8,21.0,34.0,24.6,29.6,0.0,0.0,0.0,0.0,0.0,23.0,16.6,0.076,0.0,18.4,27.0,18.3,17.6,28.7,17.9,0.0,21.8,20.8,23.5,18.3,20.3,18.5,18.2,18.4,27.8,22.0,28.5,23.6
2023-10-28 23:28:28+00:00,False,True,False,False,False,True,True,21.4,18.8,21.0,34.0,24.6,29.6,0.0,0.0,0.0,0.0,0.0,23.0,16.5,0.076,0.0,18.4,27.0,18.3,17.6,28.7,17.9,0.0,21.8,20.8,23.5,18.3,20.3,18.5,18.2,18.4,27.8,22.0,28.5,23.6
2023-10-28 23:28:58+00:00,False,True,False,False,False,True,True,21.4,18.8,21.0,34.0,24.6,29.6,0.0,0.0,0.0,0.0,0.0,23.0,16.7,0.076,0.0,18.4,27.0,18.3,17.6,28.7,17.9,0.0,21.8,20.8,23.5,18.3,20.3,18.5,18.1,18.4,27.8,22.0,28.5,23.6
2023-10-28 23:29:29+00:00,False,True,False,False,False,True,True,21.4,18.8,21.0,34.0,24.6,29.6,0.0,0.0,0.0,0.0,0.0,23.0,16.5,0.076,0.0,18.4,27.0,18.3,17.6,28.7,17.9,0.0,21.8,20.8,23.5,18.3,20.3,18.5,18.1,18.4,27.8,22.0,28.5,23.6
2023-10-28 23:29:59+00:00,False,True,False,False,False,True,True,21.4,18.8,21.0,34.0,24.6,29.6,0.0,0.0,0.0,0.0,0.0,23.0,16.8,0.076,0.0,18.4,27.0,18.3,17.6,28.7,17.9,0.0,21.8,20.8,23.5,18.3,20.3,18.5,18.1,18.4,27.8,22.0,28.5,23.6
2023-10-28 23:30:29+00:00,False,True,False,False,False,True,True,21.4,18.8,21.0,34.0,24.6,29.6,0.0,0.0,0.0,0.0,0.0,23.0,16.8,0.076,0.0,18.3,27.0,18.3,17.6,28.7,17.9,0.0,21.8,20.8,23.5,18.3,20.3,18.5,18.1,18.4,27.8,22.0,28.5,23.6
2023-10-28 23:31:00+00:00,False,True,False,False,False,True,True,21.4,18.8,21.0,34.0,24.6,29.6,0.0,0.0,0.0,0.0,0.0,23.0,16.6,0.076,0.0,18.3,27.0,18.3,17.6,28.7,17.9,0.0,21.8,20.8,23.5,18.3,20.3,18.5,18.1,18.4,27.8,22.0,28.5,23.6
2023-10-28 23:31:30+00:00,False,True,False,False,False,True,True,21.4,18.8,21.0,34.0,24.6,29.6,0.0,0.0,0.0,0.0,0.0,23.0,16.7,0.077,0.0,18.3,27.0,18.3,17.6,28.7,17.9,0.0,21.8,20.8,23.5,18.3,20.3,18.5,18.1,18.4,27.8,22.0,28.5,23.6
2023-10-28 23:32:00+00:00,False,True,False,False,False,True,True,21.4,18.8,21.0,34.0,24.6,29.6,0.0,0.0,0.0,0.0,0.0,23.0,16.8,0.077,0.0,18.3,27.0,18.3,17.6,28.7,17.9,0.0,21.8,20.8,23.5,18.3,20.3,18.5,18.1,18.4,27.8,22.0,28.5,23.6
2023-10-28 23:32:30+00:00,False,True,False,False,False,True,True,21.4,18.8,21.0,34.0,24.6,29.6,0.0,0.0,0.0,0.0,0.0,23.0,16.7,0.077,0.0,18.3,27.0,18.2,17.5,28.7,17.9,0.0,21.8,20.8,23.5,18.3,20.3,18.5,18.1,18.4,27.8,22.0,28.5,23.6
2023-10-28 23:33:00+00:00,False,True,False,False,False,True,True,21.4,18.8,21.0,34.0,24.6,29.6,0.0,0.0,0.0,0.0,0.0,23.0,16.6,0.076,0.0,18.3,27.0,18.2,17.6,28.7,17.9,0.0,21.8,20.8,23.5,18.3,20.3,18.5,18.1,18.4,27.8,22.0,28.5,23.5
2023-10-28 23:33:31+00:00,False,True,False,False,False,True,True,21.4,18.8,21.0,34.0,24.6,29.6,0.0,0.0,0.0,0.0,0.0,22.9,16.6,0.076,0.0,18.3,27.0,18.2,17.5,28.7,17.9,0.0,21.8,20.8,23.5,18.3,20.3,18.5,18.1,18.4,27.8,22.0,28.5,23.5
2023-10-28 23:34:01+00:00,False,True,False,False,False,True,True,21.4,18.8,21.0,34.0,24.6,29.6,0.0,0.0,0.0,0.0,0.0,22.9,16.8,0.076,0.0,18.3,27.0,18.2,17.5,28.7,17.9,0.0,21.8,20.8,23.5,18.3,20.3,18.5,18.1,18.4,27.8,22.0,28.5,23.5
2023-10-28 23:34:32+00:00,False,True,False,False,False,True,True,21.4,18.8,21.0,34.0,24.6,29.6,0.0,0.0,0.0,0.0,0.0,22.9,16.7,0.076,0.0,18.3,27.0,18.2,17.5,28.7,17.9,0.0,21.8,20.8,23.5,18.3,20.2,18.5,18.1,18.4,27.8,22.0,28.5,23.5
2023-10-28 23:35:02+00:00,False,True,False,False,False,True,True,21.4,18.8,21.0,34.0,24.6,29.5,0.0,0.0,0.0,0.0,0.0,22.9,16.7,0.077,0.0,18.3,27.0,18.2,17.5,28.6,17.9,0.0,21.8,20.8,23.5,18.3,20.2,18.5,18.1,18.4,27.8,22.0,28.5,23.5
2023-10-28 23:35:32+00:00,False,True,False,False,False,True,True,21.4,18.8,21.0,34.0,24.6,29.5,0.0,0.0,0.0,0.0,0.0,22.9,16.7,0.076,0.0,18.3,27.0,18.2,17.5,28.6,17.9,0.0,21.8,20.8,23.5,18.3,20.2,18.5,18.1,18.4,27.8,22.0,28.5,23.5
2023-10-28 23:36:02+00:00,False,True,False,False,False,True,True,21.4,18.8,21.0,34.0,24.6,29.5,0.0,0.0,0.0,0.0,0.0,22.9,16.9,0.076,0.0,18.3,27.0,18.2,17.5,28.6,17.9,0.0,21.8,20.8,23.5,18.3,20.2,18.5,18.1,18.4,27.8,22.0,28.5,23.5
2023-10-28 23:36:33+00:00,False,True,False,False,False,True,True,21.4,18.8,21.0,34.0,24.6,29.5,0.0,0.0,0.0,0.0,0.0,22.9,16.6,0.077,0.0,18.3,27.0,18.2,17.5,28.6,17.9,0.0,21.8,20.8,23.5,18.3,20.2,18.5,18.1,18.4,27.8,22.0,28.5,23.5
2023-10-28 23:37:03+00:00,False,True,False,False,False,True,True,21.4,18.8,21.0,34.0,24.6,29.5,0.0,0.0,0.0,0.0,0.0,22.9,16.6,0.076,0.0,18.3,27.0,18.2,17.5,28.6,17.9,0.0,21.8,20.8,23.5,18.3,20.2,18.5,18.1,18.4,27.8,22.0,28.5,23.5
2023-10-28 23:37:33+00:00,False,True,False,False,False,True,True,21.4,18.7,21.0,34.0,24.6,29.5,0.0,0.0,0.0,0.0,0.0,22.9,16.7,0.077,0.0,18.3,27.0,18.2,17.5,28.6,17.9,0.0,21.8,20.8,23.5,18.3,20.2,18.5,18.1,18.4,27.8,22.0,28.5,23.5
2023-10-28 23:38:03+00:00,False,True,False,False,False,True,True,21.4,18.7,21.0,34.0,24.6,29.5,0.0,0.0,0.0,0.0,0.0,22.9,16.6,0.077,0.0,18.3,27.0,18.2,17.5,28.6,17.9,0.0,21.8,20.7,23.5,18.3,20.2,18.5,18.1,18.4,27.8,22.0,28.5,23.5
2023-10-28 23:38:33+00:00,False,True,False,False,False,True,True,21.4,18.7,21.0,34.0,24.6,29.5,0.0,0.0,0.0,0.0,0.0,22.9,16.6,0.076,0.0,18.3,26.9,18.2,17.5,28.6,17.9,0.0,21.8,20.7,23.5,18.3,20.2,18.5,18.1,18.4,27.8,21.9,28.5,23.5
2023-10-28 23:39:04+00:00,False,True,False,False,False,True,True,21.4,18.7,21.0,34.0,24.6,29.5,0.0,0.0,0.0,0.0,0.0,22.9,16.8,0.076,0.0,18.3,26.9,18.2,17.5,28.6,17.9,0.0,21.8,20.7,23.5,18.3,20.2,18.5,18.1,18.4,27.8,21.9,28.5,23.5
2023-10-28 23:39:34+00:00,False,True,False,False,False,True,True,21.4,18.7,21.0,34.0,24.6,29.5,0.0,0.0,0.0,0.0,0.0,22.9,16.7,0.077,0.0,18.3,26.9,18.2,17.5,28.6,17.9,0.0,21.8,20.7,23.5,18.3,20.2,18.5,18.1,18.4,27.8,21.9,28.5,23.5
2023-10-28 23:40:04+00:00,False,True,False,False,False,True,True,21.4,18.7,21.0,34.0,24.6,29.5,0.0,0.0,0.0,0.0,0.0,22.9,16.6,0.077,0.0,18.3,26.9,18.2,17.5,28.6,17.9,0.0,21.8,20.7,23.5,18.3,20.2,18.5,18.1,18.4,27.8,21.9,28.5,23.5
2023-10-28 23:40:34+00:00,False,True,False,False,False,True,True,21.4,18.7,21.0,34.0,24.6,29.5,0.0,0.0,0.0,0.0,0.0,22.9,16.6,0.076,0.0,18.3,26.9,18.2,17.5,28.6,17.9,0.0,21.8,20.7,23.5,18.3,20.2,18.5,18.1,18.4,27.8,21.9,28.5,23.5
2023-10-28 23:41:04+00:00,False,True,False,False,False,True,True,21.4,18.7,21.0,34.0,24.6,29.5,0.0,0.0,0.0,0.0,0.0,22.9,16.8,0.076,0.0,18.3,26.9,18.2,17.5,28.6,17.9,0.0,21.8,20.7,23.5,18.2,20.2,18.4,18.1,18.4,27.8,21.9,28.5,23.5
2023-10-28 23:41:34+00:00,False,True,False,False,False,True,True,21.4,18.7,21.0,34.0,24.6,29.5,0.0,0.0,0.0,0.0,0.0,22.9,16.7,0.076,0.0,18.3,26.9,18.2,17.5,28.6,17.9,0.0,21.8,20.7,23.5,18.2,20.2,18.4,18.1,18.4,27.8,21.9,28.5,23.5
2023-10-28 23:42:05+00:00,False,True,False,False,False,True,True,21.4,18.7,21.0,34.0,24.6,29.5,0.0,0.0,0.0,0.0,0.0,22.9,16.6,0.076,0.0,18.3,26.9,18.2,17.5,28.6,17.9,0.0,21.8,20.7,23.5,18.2,20.2,18.4,18.1,18.4,27.8,21.9,28.5,23.5
2023-10-28 23:42:35+00:00,False,True,False,False,False,True,True,21.4,18.7,21.0,34.0,24.6,29.5,0.0,0.0,0.0,0.0,0.0,22.9,16.9,0.076,0.0,18.2,26.9,18.2,17.5,28.6,17.8,0.0,21.8,20.7,23.5,18.2,20.2,18.4,18.1,18.4,27.8,21.9,28.5,23.5
2023-10-28 23:43:05+00:00,False,True,False,False,False,True,True,21.4,18.7,21.0,34.0,24.6,29.5,0.0,0.0,0.0,0.0,0.0,22.9,16.7,0.076,0.0,18.2,26.9,18.2,17.5,28.6,17.8,0.0,21.8,20.7,23.5,18.2,20.2,18.4,18.1,18.4,27.8,21.9,28.5,23.5
2023-10-28 23:43:36+00:00,False,True,False,False,False,True,True,21.4,18.7,21.0,34.0,24.6,29.5,0.0,0.0,0.0,0.0,0.0,22.9,16.7,0.076,0.0,18.2,26.9,18.2,17.5,28.6,17.8,0.0,21.8,20.7,23.5,18.2,20.2,18.4,18.1,18.4,27.7,21.9,28.5,23.5
2023-10-28 23:44:06+00:00,False,True,False,False,False,True,True,21.4,18.7,21.0,34.0,24.6,29.5,0.0,0.0,0.0,0.0,0.0,22.9,16.7,0.076,0.0,18.2,26.9,18.2,17.5,28.6,17.8,0.0,21.8,20.7,23.5,18.2,20.2,18.4,18.1,18.4,27.7,21.9,28.5,23.5
2023-10-28 23:44:36+00:00,False,True,False,False,False,True,True,21.4,18.7,21.0,34.0,24.6,29.5,0.0,0.0,0.0,0.0,0.0,22.9,16.7,0.077,0.0,18.2,26.9,18.2,17.5,28.6,17.8,0.0,21.8,20.7,23.5,18.2,20.2,18.4,18.1,18.4,27.7,21.9,28.5,23.5
2023-10-28 23:45:06+00:00,False,True,False,False,False,True,True,21.4,18.7,21.0,34.0,24.6,29.5,0.0,0.0,0.0,0.0,0.0,22.9,16.7,0.076,0.0,18.2,26.9,18.2,17.5,28.6,17.8,0.0,21.8,20.7,23.5,18.2,20.2,18.4,18.0,18.4,27.7,21.9,28.5,23.5
2023-10-28 23:45:36+00:00,False,True,False,False,False,True,True,21.4,18.7,21.0,34.0,24.6,29.5,0.0,0.0,0.0,0.0,0.0,22.9,16.9,0.077,0.0,18.2,26.9,18.2,17.5,28.6,17.8,0.0,21.8,20.7,23.5,18.2,20.2,18.4,18.1,18.4,27.7,21.9,28.5,23.5
2023-10-28 23:46:07+00:00,False,True,False,False,False,True,True,21.4,18.7,21.0,34.0,24.6,29.5,0.0,0.0,0.0,0.0,0.0,22.9,16.8,0.076,0.0,18.2,26.9,18.1,17.5,28.6,17.8,0.0,21.8,20.7,23.5,18.2,20.1,18.4,18.0,18.4,27.7,21.9,28.5,23.5
2023-10-28 23:46:37+00:00,False,True,False,False,False,True,True,21.4,18.7,21.0,34.0,24.5,29.5,0.0,0.0,0.0,0.0,0.0,22.9,16.9,0.076,0.0,18.2,26.9,18.1,17.4,28.6,17.8,0.0,21.8,20.7,23.5,18.2,20.1,18.4,18.0,18.4,27.7,21.9,28.5,23.5
2023-10-28 23:47:07+00:00,False,True,False,False,False,True,True,21.4,18.7,21.0,34.0,24.5,29.5,0.0,0.0,0.0,0.0,0.0,22.9,16.9,0.076,0.0,18.2,26.9,18.1,17.4,28.6,17.8,0.0,21.8,20.7,23.5,18.2,20.2,18.4,18.0,18.4,27.7,21.9,28.5,23.5
2023-10-28 23:47:37+00:00,False,True,False,False,False,True,True,21.4,18.7,21.0,34.0,24.5,29.5,0.0,0.0,0.0,0.0,0.0,22.9,16.7,0.076,0.0,18.2,26.9,18.1,17.4,28.6,17.8,0.0,21.8,20.7,23.5,18.2,20.1,18.4,18.0,18.4,27.7,21.9,28.5,23.5
2023-10-28 23:48:07+00:00,False,True,False,False,False,True,True,21.4,18.7,21.0,34.0,24.5,29.5,0.0,0.0,0.0,0.0,0.0,22.9,16.9,0.076,0.0,18.2,26.9,18.1,17.4,28.6,17.8,0.0,21.8,20.7,23.5,18.2,20.1,18.4,18.0,18.4,27.7,21.9,28.5,23.5
2023-10-28 23:48:37+00:00,False,True,False,False,False,True,True,21.4,18.7,21.0,34.0,24.5,29.5,0.0,0.0,0.0,0.0,0.0,22.9,16.9,0.076,0.0,18.2,26.9,18.1,17.4,28.6,17.8,0.0,21.8,20.7,23.5,18.2,20.1,18.4,18.0,18.4,27.7,21.9,28.5,23.5
2023-10-28 23:49:08+00:00,False,True,False,False,False,True,True,21.4,18.7,21.0,34.0,24.5,29.5,0.0,0.0,0.0,0.0,0.0,22.9,16.8,0.076,0.0,18.2,26.9,18.1,17.4,28.6,17.8,0.0,21.8,20.7,23.5,18.2,20.1,18.4,18.0,18.4,27.7,21.9,28.5,23.5
2023-10-28 23:49:38+00:00,False,True,False,False,False,True,True,21.4,18.7,21.0,34.0,24.5,29.5,0.0,0.0,0.0,0.0,0.0,22.9,17.0,0.076,0.0,18.2,26.9,18.1,17.4,28.6,17.8,0.0,21.8,20.7,23.5,18.2,20.1,18.4,18.0,18.4,27.7,21.9,28.5,23.5
2023-10-28 23:50:08+00:00,False,True,False,False,False,True,True,21.4,18.7,21.0,34.0,24.5,29.5,0.0,0.0,0.0,0.0,0.0,22.9,16.9,0.077,0.0,18.2,26.9,18.1,17.4,28.6,17.8,0.0,21.8,20.7,23.5,18.2,20.1,18.4,18.0,18.4,27.7,21.9,28.5,23.5
2023-10-28 23:50:39+00:00,False,True,False,False,False,True,True,21.4,18.7,21.0,34.0,24.5,29.5,0.0,0.0,0.0,0.0,0.0,22.9,16.7,0.077,0.0,18.2,26.9,18.1,17.4,28.6,17.8,0.0,21.8,20.7,23.5,18.2,20.1,18.4,18.0,18.4,27.7,21.9,28.5,23.5
2023-10-28 23:51:09+00:00,False,True,False,False,False,True,True,21.4,18.7,21.0,34.0,24.5,29.5,0.0,0.0,0.0,0.0,0.0,22.9,16.9,0.076,0.0,18.2,26.9,18.1,17.4,28.6,17.8,0.0,21.8,20.7,23.5,18.2,20.1,18.4,18.0,18.4,27.7,21.9,28.4,23.5
2023-10-28 23:51:39+00:00,False,True,False,False,False,True,True,21.4,18.7,21.0,34.0,24.5,29.5,0.0,0.0,0.0,0.0,0.0,22.9,16.7,0.077,0.0,18.2,26.9,18.1,17.4,28.6,17.8,0.0,21.8,20.7,23.5,18.2,20.1,18.4,18.0,18.4,27.7,21.9,28.4,23.5
2023-10-28 23:52:09+00:00,False,True,False,False,False,True,True,21.4,18.7,21.0,34.0,24.5,29.5,0.0,0.0,0.0,0.0,0.0,22.9,16.9,0.077,0.0,18.2,26.9,18.1,17.4,28.6,17.8,0.0,21.8,20.7,23.5,18.2,20.1,18.4,18.0,18.4,27.7,21.9,28.4,23.5
2023-10-28 23:52:42+00:00,False,True,False,False,False,True,True,21.4,18.7,21.0,34.0,24.5,29.5,0.0,0.0,0.0,0.0,0.0,22.9,16.7,0.077,0.0,18.2,26.9,18.1,17.4,28.6,17.8,0.0,21.8,20.7,23.5,18.2,20.1,18.4,18.0,18.4,27.7,21.9,28.4,23.5
2023-10-28 23:53:13+00:00,False,True,False,False,False,True,True,21.4,18.7,21.0,34.0,24.5,29.5,0.0,0.0,0.0,0.0,0.0,22.9,16.8,0.077,0.0,18.2,26.9,18.1,17.4,28.6,17.8,0.0,21.8,20.7,23.5,18.2,20.1,18.4,18.0,18.4,27.7,21.9,28.4,23.5
2023-10-28 23:53:46+00:00,False,True,False,False,False,True,True,21.4,18.6,21.0,34.0,24.5,29.5,0.0,0.0,0.0,0.0,0.0,22.9,16.7,0.076,0.0,18.2,26.9,18.1,17.4,28.6,17.8,0.0,21.8,20.7,23.5,18.2,20.1,18.4,18.0,18.4,27.7,21.9,28.4,23.5
2023-10-28 23:54:18+00:00,False,True,False,False,False,True,True,21.4,18.6,21.0,34.0,24.5,29.5,0.0,0.0,0.0,0.0,0.0,22.9,16.6,0.076,0.0,18.2,26.9,18.1,17.4,28.6,17.8,0.0,21.8,20.7,23.5,18.2,20.1,18.4,18.0,18.4,27.7,21.9,28.4,23.5
2023-10-28 23:54:48+00:00,False,True,False,False,False,True,True,21.4,18.6,21.0,34.0,24.5,29.5,0.0,0.0,0.0,0.0,0.0,22.9,16.7,0.077,0.0,18.2,26.9,18.1,17.4,28.6,17.8,0.0,21.8,20.7,23.5,18.2,20.1,18.4,18.0,18.4,27.7,21.9,28.4,23.5
2023-10-28 23:55:19+00:00,False,True,False,False,False,True,True,21.4,18.6,21.0,34.0,24.5,29.5,0.0,0.0,0.0,0.0,0.0,22.9,16.9,0.076,0.0,18.2,26.9,18.1,17.4,28.6,17.8,0.0,21.8,20.7,23.5,18.2,20.1,18.4,18.0,18.4,27.7,21.9,28.4,23.5
2023-10-28 23:55:49+00:00,False,True,False,False,False,True,True,21.4,18.6,21.0,34.0,24.5,29.5,0.0,0.0,0.0,0.0,0.0,22.9,16.9,0.076,0.0,18.2,26.9,18.1,17.4,28.6,17.8,0.0,21.8,20.7,23.5,18.2,20.1,18.4,18.0,18.4,27.7,21.9,28.4,23.5
2023-10-28 23:56:19+00:00,False,True,False,False,False,True,True,21.4,18.6,21.0,34.0,24.5,29.5,0.0,0.0,0.0,0.0,0.0,22.9,16.8,0.076,0.0,18.2,26.9,18.1,17.4,28.6,17.8,0.0,21.8,20.7,23.5,18.2,20.1,18.4,18.0,18.4,27.7,21.9,28.4,23.5
2023-10-28 23:56:49+00:00,False,True,False,False,False,True,True,21.4,18.6,21.0,34.0,24.5,29.5,0.0,0.0,0.0,0.0,0.0,22.9,17.0,0.076,0.0,18.1,26.9,18.1,17.4,28.6,17.8,0.0,21.8,20.7,23.5,18.2,20.1,18.4,18.0,18.4,27.7,21.9,28.4,23.5
2023-10-28 23:57:19+00:00,False,True,False,False,False,True,True,21.4,18.6,21.0,34.0,24.5,29.5,0.0,0.0,0.0,0.0,0.0,22.9,16.9,0.076,0.0,18.1,26.9,18.1,17.4,28.6,17.8,0.0,21.8,20.7,23.5,18.2,20.1,18.4,18.0,18.4,27.7,21.9,28.4,23.5
2023-10-28 23:57:50+00:00,False,True,False,False,False,True,True,21.4,18.6,21.0,34.0,24.5,29.5,0.0,0.0,0.0,0.0,0.0,22.9,16.8,0.076,0.0,18.1,26.9,18.1,17.4,28.6,17.8,0.0,21.8,20.7,23.5,18.2,20.1,18.4,18.0,18.4,27.7,21.9,28.4,23.5
2023-10-28 23:58:20+00:00,False,True,False,False,False,True,True,21.4,18.6,21.0,34.0,24.5,29.5,0.0,0.0,0.0,0.0,0.0,22.9,16.9,0.077,0.0,18.1,26.9,18.1,17.4,28.6,17.8,0.0,21.8,20.7,23.5,18.2,20.1,18.4,18.0,18.4,27.7,21.9,28.4,23.4
2023-10-28 23:58:51+00:00,False,True,False,False,False,True,True,21.4,18.6,21.0,34.0,24.5,29.5,0.0,0.0,0.0,0.0,0.0,22.9,17.0,0.077,0.0,18.1,26.9,18.1,17.4,28.6,17.8,0.0,21.8,20.7,23.5,18.2,20.1,18.4,18.0,18.4,27.7,21.9,28.4,23.4
2023-10-28 23:59:21+00:00,False,True,False,False,False,True,True,21.4,18.6,21.0,34.0,24.5,29.5,0.0,0.0,0.0,0.0,0.0,22.9,17.0,0.077,0.0,18.1,26.9,18.1,17.4,28.6,17.8,0.0,21.8,20.7,23.5,18.2,20.1,18.4,18.0,18.4,27.7,21.9,28.4,23.4
2023-10-28 23:59:51+00:00,False,True,False,False,False,True,True,21.4,18.6,21.0,34.0,24.5,29.5,0.0,0.0,0.0,0.0,0.0,22.9,17.1,0.077,0.0,18.1,26.9,18.1,17.3,28.6,17.8,0.0,21.8,20.7,23.5,18.2,20.1,18.4,18.0,18.4,27.7,21.9,28.4,23.4
2023-10-29 00:00:21+00:00,False,True,False,False,False,True,True,21.4,18.6,21.0,34.0,24.5,29.5,0.0,0.0,0.0,0.0,0.0,22.9,17.2,0.077,0.0,18.1,26.9,18.1,17.3,28.6,17.8,0.0,21.8,20.7,23.5,18.2,20.1,18.4,18.0,18.4,27.7,21.9,28.4,23.4
2023-10-29 00:00:51+00:00,False,True,False,False,False,True,True,21.4,18.6,21.0,34.0,24.5,29.5,0.0,0.0,0.0,0.0,0.0,22.9,17.1,0.077,0.0,18.1,26.9,18.1,17.3,28.6,17.8,0.0,21.8,20.7,23.5,18.2,20.1,18.4,18.0,18.4,27.7,21.9,28.4,23.4
2023-10-29 00:01:22+00:00,False,True,False,False,False,True,True,21.4,18.6,21.0,34.0,24.5,29.5,0.0,0.0,0.0,0.0,0.0,22.9,17.1,0.077,0.0,18.1,26.9,18.1,17.3,28.6,17.8,0.0,21.8,20.7,23.5,18.2,20.1,18.3,18.0,18.4,27.7,21.9,28.4,23.4
2023-10-29 00:01:52+00:00,False,True,False,False,False,True,True,21.4,18.6,21.0,34.0,24.5,29.5,0.0,0.0,0.0,0.0,0.0,22.9,17.2,0.077,0.0,18.1,26.9,18.1,17.3,28.6,17.8,0.0,21.8,20.7,23.5,18.2,20.0,18.3,18.0,18.4,27.7,21.8,28.4,23.4
2023-10-29 00:02:22+00:00,False,True,False,False,False,True,True,21.4,18.6,21.0,34.0,24.5,29.5,0.0,0.0,0.0,0.0,0.0,22.9,17.1,0.077,0.0,18.1,26.9,18.1,17.3,28.5,17.8,0.0,21.8,20.7,23.5,18.2,20.0,18.3,18.0,18.4,27.7,21.8,28.4,23.4
2023-10-29 00:02:52+00:00,False,True,False,False,False,True,True,21.4,18.6,21.0,34.0,24.5,29.5,0.0,0.0,0.0,0.0,0.0,22.9,17.1,0.077,0.0,18.1,26.9,18.1,17.3,28.5,17.8,0.0,21.8,20.7,23.5,18.2,20.0,18.3,18.0,18.4,27.7,21.8,28.4,23.4
2023-10-29 00:03:23+00:00,False,True,False,False,False,True,True,21.4,18.6,21.0,34.0,24.5,29.5,0.0,0.0,0.0,0.0,0.0,22.9,17.2,0.077,0.0,18.1,26.8,18.1,17.3,28.5,17.8,0.0,21.8,20.7,23.5,18.2,20.0,18.3,18.0,18.4,27.7,21.8,28.4,23.4
2023-10-29 00:03:54+00:00,False,True,False,False,False,True,True,21.4,18.6,21.0,34.0,24.5,29.5,0.0,0.0,0.0,0.0,0.0,22.9,17.4,0.077,0.0,18.1,26.8,18.1,17.3,28.5,17.8,0.0,21.8,20.7,23.5,18.1,20.0,18.3,18.0,18.4,27.7,21.8,28.4,23.4
2023-10-29 00:04:25+00:00,False,True,False,False,False,True,True,21.4,18.6,21.0,34.0,24.5,29.5,0.0,0.0,0.0,0.0,0.0,22.9,17.5,0.077,0.0,18.1,26.8,18.1,17.3,28.5,17.8,0.0,21.8,20.7,23.5,18.2,20.0,18.3,18.0,18.4,27.7,21.8,28.4,23.4
2023-10-29 00:04:55+00:00,False,True,False,False,False,True,True,21.4,18.6,21.0,34.0,24.5,29.5,0.0,0.0,0.0,0.0,0.0,22.9,17.5,0.077,0.0,18.1,26.8,18.1,17.3,28.5,17.8,0.0,21.8,20.7,23.5,18.1,20.0,18.3,18.0,18.4,27.7,21.8,28.4,23.4
2023-10-29 00:05:25+00:00,False,True,False,False,False,True,True,21.4,18.6,21.0,33.9,24.5,29.5,0.0,0.0,0.0,0.0,0.0,22.9,17.5,0.077,0.0,18.1,26.8,18.1,17.3,28.5,17.8,0.0,21.8,20.7,23.5,18.2,20.0,18.3,18.0,18.4,27.7,21.8,28.4,23.4
2023-10-29 00:05:56+00:00,False,True,False,False,False,True,True,21.4,18.6,21.0,34.0,24.5,29.5,0.0,0.0,0.0,0.0,0.0,22.9,17.7,0.077,0.0,18.1,26.8,18.1,17.3,28.5,17.8,0.0,21.8,20.7,23.5,18.1,20.0,18.3,18.0,18.4,27.7,21.8,28.4,23.4
2023-10-29 00:06:26+00:00,False,True,False,False,False,True,True,21.4,18.6,21.0,33.9,24.5,29.4,0.0,0.0,0.0,0.0,0.0,22.9,17.5,0.077,0.0,18.1,26.8,18.1,17.3,28.5,17.8,0.0,21.8,20.7,23.5,18.1,20.0,18.3,18.0,18.4,27.7,21.8,28.4,23.4
2023-10-29 00:06:57+00:00,False,True,False,False,False,True,True,21.4,18.6,21.0,33.9,24.5,29.4,0.0,0.0,0.0,0.0,0.0,22.9,17.4,0.077,0.0,18.1,26.8,18.1,17.3,28.5,17.8,1e-06,21.8,20.7,23.5,18.1,20.0,18.3,18.0,18.4,27.7,21.8,28.4,23.4
2023-10-29 00:07:27+00:00,False,True,False,False,False,True,True,21.4,18.6,21.0,33.9,24.5,29.4,0.0,0.0,0.0,0.0,0.0,22.9,17.5,0.077,0.0,18.1,26.8,18.1,17.3,28.5,17.8,0.0,21.8,20.7,23.5,18.1,20.0,18.3,18.0,18.4,27.7,21.8,28.4,23.4
2023-10-29 00:07:57+00:00,False,True,False,False,False,True,True,21.4,18.6,21.0,33.9,24.5,29.4,0.0,0.0,0.0,0.0,0.0,22.9,17.7,0.077,0.0,18.1,26.8,18.1,17.3,28.5,17.8,0.0,21.8,20.7,23.5,18.1,20.0,18.3,18.0,18.4,27.7,21.8,28.4,23.4
2023-10-29 00:08:27+00:00,False,True,False,False,False,True,True,21.4,18.6,21.0,33.9,24.5,29.4,0.0,0.0,0.0,0.0,0.0,22.9,17.6,0.077,0.0,18.1,26.8,18.1,17.3,28.5,17.8,0.0,21.8,20.7,23.5,18.2,20.0,18.3,18.0,18.4,27.7,21.8,28.4,23.4
2023-10-29 00:08:57+00:00,False,True,False,False,False,True,True,21.4,18.6,21.0,33.9,24.5,29.4,0.0,0.0,0.0,0.0,0.0,22.9,17.8,0.077,0.0,18.1,26.8,18.1,17.3,28.5,17.8,0.0,21.8,20.7,23.5,18.1,20.0,18.3,18.0,18.4,27.7,21.8,28.4,23.4
2023-10-29 00:09:27+00:00,False,True,False,False,False,True,True,21.4,18.6,21.0,33.9,24.5,29.4,0.0,0.0,0.0,0.0,0.0,22.9,17.8,0.076,0.0,18.1,26.8,18.0,17.3,28.5,17.8,0.0,21.8,20.7,23.5,18.2,20.0,18.3,18.0,18.4,27.7,21.8,28.4,23.4
2023-10-29 00:09:58+00:00,False,True,False,False,False,True,True,21.4,18.6,21.0,33.9,24.5,29.4,0.0,0.0,0.0,0.0,0.0,22.9,17.7,0.077,0.0,18.1,26.8,18.1,17.3,28.5,17.8,0.0,21.8,20.7,23.5,18.1,20.0,18.3,17.9,18.4,27.7,21.8,28.4,23.4
2023-10-29 00:10:28+00:00,False,True,False,False,False,True,True,21.4,18.6,21.0,33.9,24.5,29.4,0.0,0.0,0.0,0.0,0.0,22.9,17.6,0.077,0.0,18.1,26.8,18.1,17.3,28.5,17.8,0.0,21.8,20.7,23.5,18.1,20.0,18.3,17.9,18.4,27.6,21.8,28.4,23.4
2023-10-29 00:10:58+00:00,False,True,False,False,False,True,True,21.4,18.6,21.0,33.9,24.5,29.4,0.0,0.0,0.0,0.0,0.0,22.9,17.5,0.077,0.0,18.1,26.8,18.1,17.3,28.5,17.8,0.0,21.8,20.7,23.5,18.1,20.0,18.3,17.9,18.4,27.6,21.8,28.4,23.4
2023-10-29 00:11:28+00:00,False,True,False,False,False,True,True,21.4,18.6,21.0,33.9,24.5,29.4,0.0,0.0,0.0,0.0,0.0,22.9,17.2,0.076,0.0,18.1,26.8,18.0,17.3,28.5,17.8,0.0,21.8,20.7,23.5,18.1,20.0,18.3,18.0,18.4,27.6,21.8,28.4,23.4
2023-10-29 00:11:59+00:00,False,True,False,False,False,True,True,21.4,18.6,21.0,33.9,24.5,29.4,0.0,0.0,0.0,0.0,0.0,22.9,17.2,0.077,0.0,18.1,26.8,18.0,17.3,28.5,17.8,0.0,21.8,20.7,23.5,18.1,20.0,18.3,17.9,18.4,27.6,21.8,28.4,23.4
2023-10-29 00:12:29+00:00,False,True,False,False,False,True,True,21.4,18.6,21.0,33.9,24.5,29.4,0.0,0.0,0.0,0.0,0.0,22.9,17.2,0.077,0.0,18.1,26.8,18.0,17.3,28.5,17.8,0.0,21.8,20.7,23.5,18.2,20.0,18.3,17.9,18.4,27.6,21.8,28.4,23.4
2023-10-29 00:12:59+00:00,False,True,False,False,False,True,True,21.4,18.6,21.0,33.9,24.5,29.4,0.0,0.0,0.0,0.0,0.0,22.9,17.3,0.077,0.0,18.1,26.8,18.0,17.3,28.5,17.8,0.0,21.8,20.7,23.5,18.1,20.0,18.3,17.9,18.4,27.6,21.8,28.4,23.4
2023-10-29 00:13:29+00:00,False,True,False,False,False,True,True,21.4,18.6,21.0,33.9,24.4,29.4,0.0,0.0,0.0,0.0,0.0,22.9,17.5,0.076,0.0,18.0,26.8,18.0,17.3,28.5,17.8,0.0,21.8,20.7,23.5,18.2,20.0,18.3,17.9,18.4,27.6,21.8,28.4,23.4
2023-10-29 00:13:59+00:00,False,True,False,False,False,True,True,21.4,18.6,21.0,33.9,24.4,29.4,0.0,0.0,0.0,0.0,0.0,22.9,17.8,0.077,0.0,18.0,26.8,18.0,17.3,28.5,17.8,0.0,21.8,20.7,23.5,18.2,20.0,18.3,17.9,18.4,27.6,21.8,28.4,23.4
2023-10-29 00:14:30+00:00,False,True,False,False,False,True,True,21.4,18.6,21.0,33.9,24.4,29.4,0.0,0.0,0.0,0.0,0.0,22.9,17.6,0.077,0.0,18.0,26.8,18.0,17.3,28.5,17.8,0.0,21.8,20.7,23.5,18.2,20.0,18.3,17.9,18.4,27.6,21.8,28.4,23.4
2023-10-29 00:15:01+00:00,False,True,False,False,False,True,True,21.4,18.6,21.0,33.9,24.4,29.4,0.0,0.0,0.0,0.0,0.0,22.9,17.4,0.077,0.0,18.0,26.8,18.0,17.3,28.5,17.8,0.0,21.8,20.7,23.5,18.1,20.0,18.3,17.9,18.4,27.6,21.8,28.4,23.4
2023-10-29 00:15:32+00:00,False,True,False,False,False,True,True,21.4,18.6,21.0,33.9,24.4,29.4,0.0,0.0,0.0,0.0,0.0,22.9,17.8,0.077,0.0,18.0,26.8,18.0,17.3,28.5,17.8,0.0,21.8,20.7,23.5,18.1,20.0,18.3,17.9,18.4,27.6,21.8,28.4,23.4
2023-10-29 00:16:02+00:00,False,True,False,False,False,True,True,21.4,18.6,21.0,33.9,24.4,29.4,0.0,0.0,0.0,0.0,0.0,22.9,17.7,0.077,0.0,18.0,26.8,18.0,17.3,28.5,17.8,0.0,21.8,20.7,23.5,18.2,20.0,18.3,17.9,18.4,27.6,21.8,28.4,23.4
2023-10-29 00:16:32+00:00,False,True,False,False,False,True,True,21.4,18.6,21.0,33.9,24.4,29.4,0.0,0.0,0.0,0.0,0.0,22.9,17.9,0.077,0.0,18.0,26.8,18.0,17.3,28.5,17.8,0.0,21.8,20.7,23.5,18.2,20.0,18.3,17.9,18.4,27.6,21.8,28.4,23.4
2023-10-29 00:17:03+00:00,False,True,False,False,False,True,True,21.4,18.6,21.0,33.9,24.4,29.4,0.0,0.0,0.0,0.0,0.0,22.9,17.9,0.077,0.0,18.0,26.8,18.0,17.3,28.5,17.8,0.0,21.8,20.7,23.5,18.2,20.0,18.3,17.9,18.4,27.6,21.8,28.4,23.4
2023-10-29 00:17:33+00:00,False,True,False,False,False,True,True,21.4,18.6,21.0,33.9,24.4,29.4,0.0,0.0,0.0,0.0,0.0,22.9,17.9,0.077,0.0,18.0,26.8,18.0,17.3,28.5,17.8,0.0,21.8,20.7,23.5,18.1,20.0,18.3,17.9,18.4,27.6,21.8,28.4,23.4
2023-10-29 00:18:04+00:00,False,True,False,False,False,True,True,21.4,18.6,21.0,33.9,24.4,29.4,0.0,0.0,0.0,0.0,0.0,22.9,17.7,0.077,0.0,18.0,26.8,18.0,17.3,28.5,17.8,0.0,21.8,20.7,23.5,18.1,19.9,18.3,17.9,18.4,27.6,21.8,28.3,23.4
2023-10-29 00:18:34+00:00,False,True,False,False,False,True,True,21.4,18.6,21.0,33.9,24.4,29.4,0.0,0.0,0.0,0.0,0.0,22.9,17.7,0.077,0.0,18.0,26.8,18.0,17.3,28.5,17.8,0.0,21.8,20.7,23.5,18.2,19.9,18.3,17.9,18.4,27.6,21.8,28.3,23.4
2023-10-29 00:19:04+00:00,False,True,False,False,False,True,True,21.4,18.6,21.0,33.9,24.4,29.4,0.0,0.0,0.0,0.0,0.0,22.9,17.7,0.077,0.0,18.0,26.8,18.0,17.3,28.5,17.8,0.0,21.8,20.7,23.5,18.2,19.9,18.3,17.9,18.4,27.6,21.8,28.3,23.4
2023-10-29 00:19:34+00:00,False,True,False,False,False,True,True,21.4,18.6,21.0,33.9,24.4,29.4,0.0,0.0,0.0,0.0,0.0,22.9,17.8,0.077,0.0,18.0,26.8,18.0,17.2,28.5,17.8,0.0,21.8,20.7,23.5,18.1,19.9,18.3,17.9,18.4,27.6,21.8,28.3,23.4
2023-10-29 00:20:05+00:00,False,True,False,False,False,True,True,21.4,18.6,21.0,33.9,24.4,29.4,0.0,0.0,0.0,0.0,0.0,22.9,17.6,0.077,0.0,18.0,26.8,18.0,17.2,28.5,17.8,0.0,21.8,20.7,23.5,18.1,19.9,18.3,17.9,18.4,27.6,21.8,28.3,23.4
2023-10-29 00:20:35+00:00,False,True,False,False,False,True,True,21.4,18.6,21.0,33.9,24.4,29.4,0.0,0.0,0.0,0.0,0.0,22.9,17.6,0.078,0.0,18.0,26.8,18.0,17.2,28.5,17.8,0.0,21.8,20.7,23.5,18.1,19.9,18.3,17.9,18.4,27.6,21.8,28.3,23.4
2023-10-29 00:21:05+00:00,False,True,False,False,False,True,True,21.4,18.5,21.0,33.9,24.4,29.4,0.0,0.0,0.0,0.0,0.0,22.9,17.7,0.077,0.0,18.0,26.8,18.0,17.2,28.5,17.8,0.0,21.8,20.7,23.5,18.2,19.9,18.3,17.9,18.4,27.6,21.8,28.3,23.4
2023-10-29 00:21:35+00:00,False,True,False,False,False,True,True,21.4,18.5,21.0,33.9,24.4,29.4,0.0,0.0,0.0,0.0,0.0,22.9,17.5,0.077,0.0,18.0,26.8,18.0,17.2,28.5,17.8,0.0,21.8,20.7,23.5,18.1,19.9,18.3,17.9,18.4,27.6,21.8,28.3,23.4
2023-10-29 00:22:06+00:00,False,True,False,False,False,True,True,21.4,18.5,21.0,33.9,24.4,29.4,0.0,0.0,0.0,0.0,0.0,22.9,17.5,0.077,0.0,18.0,26.8,18.0,17.2,28.5,17.8,0.0,21.8,20.7,23.5,18.2,19.9,18.3,17.9,18.4,27.6,21.8,28.3,23.4
2023-10-29 00:22:36+00:00,False,True,False,False,False,True,True,21.4,18.5,21.0,33.9,24.4,29.4,0.0,0.0,0.0,0.0,0.0,22.9,17.5,0.077,0.0,18.0,26.8,18.0,17.2,28.5,17.8,0.0,21.8,20.7,23.5,18.1,19.9,18.3,17.9,18.4,27.6,21.8,28.3,23.4
2023-10-29 00:23:06+00:00,False,True,False,False,False,True,True,21.4,18.5,21.0,33.9,24.4,29.4,0.0,0.0,0.0,0.0,0.0,22.9,17.8,0.077,0.0,18.0,26.8,18.0,17.2,28.5,17.8,0.0,21.8,20.7,23.5,18.2,19.9,18.3,17.9,18.4,27.6,21.8,28.3,23.4
2023-10-29 00:23:36+00:00,False,True,False,False,False,True,True,21.4,18.5,21.0,33.9,24.4,29.4,0.0,0.0,0.0,0.0,0.0,22.9,17.7,0.077,0.0,18.0,26.8,18.0,17.2,28.5,17.8,0.0,21.8,20.7,23.5,18.1,19.9,18.3,17.9,18.4,27.6,21.8,28.3,23.4
2023-10-29 00:24:06+00:00,False,True,False,False,False,True,True,21.4,18.5,21.0,33.9,24.4,29.4,0.0,0.0,0.0,0.0,0.0,22.9,18.0,0.077,0.0,18.0,26.8,18.0,17.2,28.5,17.8,0.0,21.8,20.7,23.5,18.1,19.9,18.3,17.9,18.4,27.6,21.8,28.3,23.4
2023-10-29 00:24:36+00:00,False,True,False,False,False,True,True,21.4,18.5,21.0,33.9,24.4,29.4,0.0,0.0,0.0,0.0,0.0,22.9,17.9,0.076,0.0,18.0,26.8,18.0,17.2,28.5,17.8,0.0,21.8,20.7,23.5,18.1,19.9,18.3,17.9,18.4,27.6,21.8,28.3,23.4
2023-10-29 00:25:07+00:00,False,True,False,False,False,True,True,21.4,18.5,21.0,33.9,24.4,29.4,0.0,0.0,0.0,0.0,0.0,22.9,18.0,0.077,0.0,18.0,26.8,18.0,17.2,28.5,17.8,0.0,21.8,20.7,23.5,18.1,19.9,18.3,17.9,18.4,27.6,21.8,28.3,23.3
2023-10-29 00:25:37+00:00,False,True,False,False,False,True,True,21.4,18.5,21.0,33.9,24.4,29.4,0.0,0.0,0.0,0.0,0.0,22.9,17.8,0.077,0.0,18.0,26.8,18.0,17.2,28.5,17.8,0.0,21.8,20.7,23.5,18.2,19.9,18.3,17.9,18.4,27.6,21.8,28.3,23.3
2023-10-29 00:26:07+00:00,False,True,False,False,False,True,True,21.4,18.5,21.0,33.9,24.4,29.4,0.0,0.0,0.0,0.0,0.0,22.9,17.6,0.077,0.0,18.0,26.8,18.0,17.2,28.5,17.8,0.0,21.8,20.7,23.5,18.2,19.9,18.3,17.9,18.4,27.6,21.8,28.3,23.3
2023-10-29 00:26:38+00:00,False,True,False,False,False,True,True,21.4,18.5,21.0,33.9,24.4,29.4,0.0,0.0,0.0,0.0,0.0,22.9,17.8,0.077,0.0,18.0,26.8,18.0,17.2,28.5,17.8,0.0,21.8,20.7,23.5,18.2,19.9,18.3,17.9,18.4,27.6,21.8,28.3,23.3
2023-10-29 00:27:08+00:00,False,True,False,False,False,True,True,21.4,18.5,21.0,33.9,24.4,29.4,0.0,0.0,0.0,0.0,0.0,22.9,17.8,0.077,0.0,18.0,26.8,18.0,17.2,28.5,17.8,0.0,21.8,20.7,23.5,18.2,19.9,18.3,17.9,18.4,27.6,21.8,28.3,23.3
2023-10-29 00:27:38+00:00,False,True,False,False,False,True,True,21.4,18.5,21.0,33.9,24.4,29.4,0.0,0.0,0.0,0.0,0.0,22.9,17.7,0.078,0.0,18.0,26.8,18.0,17.2,28.5,17.8,0.0,21.8,20.7,23.5,18.2,19.9,18.3,17.9,18.4,27.6,21.7,28.3,23.3
2023-10-29 00:28:08+00:00,False,True,False,False,False,True,True,21.4,18.5,21.0,33.9,24.4,29.4,0.0,0.0,0.0,0.0,0.0,22.9,17.7,0.077,0.0,18.0,26.8,18.0,17.2,28.5,17.8,0.0,21.8,20.7,23.5,18.2,19.9,18.3,17.9,18.4,27.6,21.7,28.3,23.3
2023-10-29 00:28:38+00:00,False,True,False,False,False,True,True,21.4,18.5,21.0,33.9,24.4,29.4,0.0,0.0,0.0,0.0,0.0,22.9,17.6,0.077,0.0,18.0,26.8,18.0,17.2,28.4,17.8,0.0,21.8,20.7,23.5,18.2,19.9,18.3,17.9,18.4,27.6,21.7,28.3,23.3
2023-10-29 00:29:08+00:00,False,True,False,False,False,True,True,21.4,18.5,21.0,33.9,24.4,29.4,0.0,0.0,0.0,0.0,0.0,22.9,17.6,0.077,0.0,18.0,26.8,18.0,17.2,28.4,17.8,0.0,21.8,20.7,23.5,18.2,19.9,18.3,17.9,18.4,27.6,21.7,28.3,23.3
2023-10-29 00:29:39+00:00,False,True,False,False,False,True,True,21.4,18.5,21.0,33.9,24.4,29.4,0.0,0.0,0.0,0.0,0.0,22.9,17.6,0.077,0.0,18.0,26.8,18.0,17.2,28.4,17.8,0.0,21.8,20.7,23.5,18.2,19.9,18.3,17.9,18.4,27.6,21.7,28.3,23.3
2023-10-29 00:30:09+00:00,False,True,False,False,False,True,True,21.4,,21.0,33.9,24.4,29.4,0.0,0.0,0.0,0.0,0.0,22.9,17.4,0.077,0.0,18.0,26.8,18.0,17.2,28.4,17.8,0.0,21.8,20.7,23.5,18.2,19.9,18.3,17.9,18.4,27.6,21.7,28.3,23.3
2023-10-29 00:30:39+00:00,False,True,False,False,False,True,True,21.4,18.5,21.0,33.9,24.4,29.4,0.0,0.0,0.0,0.0,0.0,22.9,17.4,0.077,0.0,18.0,26.7,18.0,17.2,28.4,17.8,0.0,21.8,20.7,23.5,18.2,19.9,18.3,17.9,18.4,27.6,21.7,28.3,23.3
2023-10-29 00:31:10+00:00,False,True,False,False,False,True,True,21.4,18.5,21.0,33.9,24.4,29.4,0.0,0.0,0.0,0.0,0.0,22.9,17.2,0.077,0.0,18.0,26.7,18.0,17.2,28.4,17.8,0.0,21.8,20.7,23.5,18.2,19.9,18.3,17.9,18.4,27.6,21.7,28.3,23.3
2023-10-29 00:31:40+00:00,False,True,False,False,False,True,True,21.4,18.5,21.0,33.9,24.4,29.4,0.0,0.0,0.0,0.0,0.0,22.9,17.3,0.077,0.0,18.0,26.7,18.0,17.2,28.4,17.8,0.0,21.8,20.7,23.5,18.2,19.9,18.3,17.9,18.4,27.6,21.7,28.3,23.3
2023-10-29 00:32:10+00:00,False,True,False,False,False,True,True,21.4,18.5,21.0,33.9,24.4,29.4,0.0,0.0,0.0,0.0,0.0,22.9,17.1,0.077,0.0,18.0,26.7,18.0,17.2,28.4,17.8,0.0,21.8,20.7,23.5,18.2,19.9,18.3,17.9,18.4,27.6,21.7,28.3,23.3
2023-10-29 00:32:40+00:00,False,True,False,False,False,True,True,21.4,18.5,21.0,33.9,24.4,29.4,0.0,0.0,0.0,0.0,0.0,22.9,17.3,0.077,0.0,18.0,26.7,18.0,17.2,28.4,17.8,0.0,21.8,20.7,23.5,18.2,19.9,18.3,17.9,18.4,27.6,21.7,28.3,23.3
2023-10-29 00:33:11+00:00,False,True,False,False,False,True,True,21.4,18.5,21.0,33.9,24.4,29.4,0.0,0.0,0.0,0.0,0.0,22.9,17.6,0.077,0.0,18.0,26.7,18.0,17.2,28.4,17.8,0.0,21.8,20.7,23.5,18.2,19.9,18.3,17.9,18.4,27.6,21.7,28.3,23.3
2023-10-29 00:33:41+00:00,False,True,False,False,False,True,True,21.4,18.5,21.0,33.9,24.4,29.4,0.0,0.0,0.0,0.0,0.0,22.9,17.7,0.077,0.0,18.0,26.7,18.0,17.2,28.4,17.8,0.0,21.8,20.7,23.5,18.2,19.9,18.3,17.9,18.4,27.6,21.7,28.3,23.3
2023-10-29 00:34:11+00:00,False,True,False,False,False,True,True,21.4,18.5,21.0,33.9,24.4,29.4,0.0,0.0,0.0,0.0,0.0,22.9,17.6,0.077,0.0,18.0,26.7,18.0,17.2,28.4,17.8,0.0,21.8,20.7,23.5,18.2,19.9,18.3,17.9,18.4,27.6,21.7,28.3,23.3
2023-10-29 00:34:41+00:00,False,True,False,False,False,True,True,21.4,18.5,21.0,33.9,24.4,29.4,0.0,0.0,0.0,0.0,0.0,22.9,17.5,0.077,0.0,18.0,26.7,18.0,17.2,28.4,17.8,0.0,21.8,20.7,23.5,18.2,19.9,18.3,17.9,18.4,27.6,21.7,28.3,23.3
2023-10-29 00:35:12+00:00,False,True,False,False,False,True,True,21.4,18.5,21.0,33.9,24.4,29.4,0.0,0.0,0.0,0.0,0.0,22.9,17.2,0.077,0.0,18.0,26.7,18.0,17.2,28.4,17.8,0.0,21.8,20.7,23.5,18.2,19.9,18.3,17.9,18.4,27.6,21.7,28.3,23.3
2023-10-29 00:35:42+00:00,False,True,False,False,False,True,True,21.4,18.5,21.0,33.9,24.4,29.4,0.0,0.0,0.0,0.0,0.0,22.9,17.3,0.077,0.0,18.0,26.7,18.0,17.2,28.4,17.8,0.0,21.8,20.7,23.5,18.2,19.9,18.3,17.9,18.4,27.6,21.7,28.3,23.3
2023-10-29 00:36:12+00:00,False,True,False,False,False,True,True,21.4,18.5,21.0,33.9,24.4,29.4,0.0,0.0,0.0,0.0,0.0,22.9,17.1,0.077,0.0,17.9,26.7,18.0,17.2,28.4,17.8,0.0,21.8,20.7,23.5,18.2,19.9,18.3,17.9,18.4,27.6,21.7,28.3,23.3
2023-10-29 00:36:42+00:00,False,True,False,False,False,True,True,21.4,18.5,21.0,33.9,24.4,29.4,0.0,0.0,0.0,0.0,0.0,22.9,17.1,0.077,0.0,17.9,26.7,18.0,17.2,28.4,17.8,0.0,21.8,20.7,23.5,18.2,19.9,18.3,17.9,18.4,27.6,21.7,28.3,23.3
2023-10-29 00:37:12+00:00,False,True,False,False,False,True,True,21.4,18.5,21.0,33.9,24.4,29.4,0.0,0.0,0.0,0.0,0.0,22.9,16.9,0.077,0.0,17.9,26.7,18.0,17.2,28.4,17.8,0.0,21.8,20.7,23.5,18.2,19.9,18.3,17.9,18.4,27.6,21.7,28.3,23.3
2023-10-29 00:37:43+00:00,False,True,False,False,False,True,True,21.4,18.5,21.0,33.9,24.4,29.4,0.0,0.0,0.0,0.0,0.0,22.9,16.9,0.076,0.0,17.9,26.7,18.0,17.2,28.4,17.8,0.0,21.8,20.6,23.5,18.2,19.9,18.3,17.9,18.4,27.6,21.7,28.3,23.3
2023-10-29 00:38:13+00:00,False,True,False,False,False,True,True,21.4,18.5,21.0,33.9,24.4,29.4,0.0,0.0,0.0,0.0,0.0,22.9,17.0,0.077,0.0,17.9,26.7,18.0,17.2,28.4,17.8,0.0,21.8,20.6,23.5,18.2,19.9,18.3,17.9,18.4,27.6,21.7,28.3,23.3
2023-10-29 00:38:43+00:00,False,True,False,False,False,True,True,21.4,18.5,21.0,33.9,24.4,29.4,0.0,0.0,0.0,0.0,0.0,22.9,16.9,0.077,0.0,17.9,26.7,18.0,17.2,28.4,17.8,0.0,21.8,20.6,23.5,18.2,19.9,18.3,17.9,18.4,27.6,21.7,28.3,23.3
2023-10-29 00:39:14+00:00,False,True,False,False,False,True,True,21.4,18.5,21.0,33.9,24.4,29.4,0.0,0.0,0.0,0.0,0.0,22.9,16.9,0.077,0.0,17.9,26.7,18.0,17.2,28.4,17.8,0.0,21.8,20.6,23.5,18.2,19.9,18.3,17.9,18.4,27.5,21.7,28.3,23.3
2023-10-29 00:39:44+00:00,False,True,False,False,False,True,True,21.4,18.5,21.0,33.9,24.4,29.4,0.0,0.0,0.0,0.0,0.0,22.9,17.1,0.077,0.0,17.9,26.7,18.0,17.2,28.4,17.8,0.0,21.8,20.6,23.5,18.2,19.9,18.3,17.9,18.4,27.5,21.7,28.3,23.3
2023-10-29 00:40:14+00:00,False,True,False,False,False,True,True,21.4,18.5,21.0,33.9,24.4,29.4,0.0,0.0,0.0,0.0,0.0,22.9,16.9,0.077,0.0,17.9,26.7,18.0,17.1,28.4,17.8,0.0,21.8,20.6,23.5,18.2,19.9,18.3,17.9,18.4,27.5,21.7,28.3,23.3
2023-10-29 00:40:44+00:00,False,True,False,False,False,True,True,21.4,18.5,21.0,33.9,24.4,29.4,0.0,0.0,0.0,0.0,0.0,22.9,17.1,0.077,0.0,17.9,26.7,18.0,17.1,28.4,17.8,0.0,21.8,20.6,23.5,18.2,19.9,18.3,17.9,18.4,27.5,21.7,28.3,23.3
2023-10-29 00:41:15+00:00,False,True,False,False,False,True,True,21.4,18.5,21.0,33.9,24.3,29.3,0.0,0.0,0.0,0.0,0.0,22.9,17.0,0.077,0.0,17.9,26.7,18.0,17.1,28.4,17.8,0.0,21.8,20.6,23.5,18.2,19.9,18.3,17.9,18.4,27.5,21.7,28.3,23.3
2023-10-29 00:41:45+00:00,False,True,False,False,False,True,True,21.4,18.5,21.0,33.9,24.3,29.3,0.0,0.0,0.0,0.0,0.0,22.9,17.0,0.077,0.0,17.9,26.7,18.0,17.1,28.4,17.8,0.0,21.8,20.6,23.5,18.2,19.9,18.3,17.9,18.4,27.5,21.7,28.3,23.3
2023-10-29 00:42:15+00:00,False,True,False,False,False,True,True,21.4,18.5,21.0,33.9,24.3,29.3,0.0,0.0,0.0,0.0,0.0,22.9,17.0,0.077,0.0,17.9,26.7,18.0,17.1,28.4,17.8,0.0,21.8,20.6,23.5,18.2,19.9,18.3,17.9,18.4,27.5,21.7,28.3,23.3
2023-10-29 00:42:46+00:00,False,True,False,False,False,True,True,21.4,18.5,21.0,33.9,24.3,29.3,0.0,0.0,0.0,0.0,0.0,22.9,16.9,0.077,0.0,17.9,26.7,18.0,17.1,28.4,17.8,0.0,21.8,20.6,23.5,18.2,19.8,18.3,17.9,18.4,27.5,21.7,28.3,23.3
2023-10-29 00:43:16+00:00,False,True,False,False,False,True,True,21.4,18.5,21.0,33.9,24.3,29.3,0.0,0.0,0.0,0.0,0.0,22.9,17.1,0.077,0.0,17.9,26.7,18.0,17.1,28.4,17.8,0.0,21.8,20.6,23.5,18.1,19.8,18.3,17.9,18.4,27.5,21.7,28.3,23.3
2023-10-29 00:43:46+00:00,False,True,False,False,False,True,True,21.4,18.5,21.0,33.9,24.3,29.3,0.0,0.0,0.0,0.0,0.0,22.9,16.8,0.077,0.0,17.9,26.7,18.0,17.1,28.4,17.8,0.0,21.8,20.6,23.5,18.1,19.8,18.3,17.9,18.4,27.5,21.7,28.3,23.3
2023-10-29 00:44:16+00:00,False,True,False,False,False,True,True,21.4,18.5,21.0,33.9,24.3,29.3,0.0,0.0,0.0,0.0,0.0,22.9,16.8,0.077,0.0,17.9,26.7,18.0,17.1,28.4,17.8,0.0,21.8,20.6,23.5,18.1,19.8,18.3,17.9,18.4,27.5,21.7,28.3,23.3
2023-10-29 00:44:46+00:00,False,True,False,False,False,True,True,21.4,18.5,21.0,33.9,24.3,29.3,0.0,0.0,0.0,0.0,0.0,22.9,16.9,0.077,0.0,17.9,26.7,18.0,17.1,28.4,17.8,0.0,21.8,20.6,23.5,18.1,19.8,18.3,17.9,18.4,27.5,21.7,28.3,23.3
2023-10-29 00:45:17+00:00,False,True,False,False,False,True,True,21.4,18.5,21.0,33.9,24.3,29.3,0.0,0.0,0.0,0.0,0.0,22.9,16.9,0.077,0.0,17.9,26.7,18.0,17.1,28.4,17.8,0.0,21.7,20.6,23.5,18.1,19.8,18.3,17.9,18.4,27.5,21.7,28.3,23.3
2023-10-29 00:45:47+00:00,False,True,False,False,False,True,True,21.4,18.5,21.0,33.9,24.3,29.3,0.0,0.0,0.0,0.0,0.0,22.9,16.7,0.077,0.0,17.9,26.7,18.0,17.1,28.4,17.8,0.0,21.8,20.6,23.5,18.1,19.8,18.3,17.9,18.4,27.5,21.7,28.3,23.3
2023-10-29 00:46:17+00:00,False,True,False,False,False,True,True,21.4,18.5,21.0,33.9,24.3,29.3,0.0,0.0,0.0,0.0,0.0,22.9,16.8,0.077,0.0,17.9,26.7,18.0,17.1,28.4,17.8,0.0,21.8,20.6,23.5,18.1,19.8,18.3,17.9,18.4,27.5,21.7,28.2,23.3
2023-10-29 00:46:47+00:00,False,True,False,False,False,True,True,21.4,18.5,21.0,33.9,24.3,29.3,0.0,0.0,0.0,0.0,0.0,22.9,16.8,0.076,0.0,17.9,26.7,18.0,17.1,28.4,17.8,0.0,21.7,20.6,23.5,18.1,19.8,18.3,17.9,18.4,27.5,21.7,28.2,23.3
2023-10-29 00:47:17+00:00,False,True,False,False,False,True,True,21.4,18.5,21.0,33.9,24.3,29.3,0.0,0.0,0.0,0.0,0.0,22.9,16.9,0.077,0.0,17.9,26.7,18.0,17.1,28.4,17.8,0.0,21.8,20.6,23.5,18.1,19.8,18.3,17.9,18.4,27.5,21.7,28.2,23.3
2023-10-29 00:47:48+00:00,False,True,False,False,False,True,True,21.4,18.5,21.0,33.9,24.3,29.3,0.0,0.0,0.0,0.0,0.0,22.9,16.8,0.077,0.0,17.9,26.7,18.0,17.1,28.4,17.8,0.0,21.7,20.6,23.5,18.1,19.8,18.3,17.9,18.4,27.5,21.7,28.2,23.3
2023-10-29 00:48:18+00:00,False,True,False,False,False,True,True,21.4,18.5,21.0,33.9,24.3,29.3,0.0,0.0,0.0,0.0,0.0,22.9,16.7,0.077,0.0,17.9,26.7,18.0,17.1,28.4,17.8,0.0,21.7,20.6,23.5,18.1,19.8,18.3,17.9,18.4,27.5,21.7,28.2,23.3
2023-10-29 00:48:48+00:00,False,True,False,False,False,True,True,21.4,18.5,21.0,33.9,24.3,29.3,0.0,0.0,0.0,0.0,0.0,22.9,16.7,0.077,0.0,17.9,26.7,18.0,17.1,28.4,17.8,0.0,21.7,20.6,23.5,18.1,19.8,18.2,17.9,18.4,27.5,21.7,28.2,23.3
2023-10-29 00:49:19+00:00,False,True,False,False,False,True,True,21.4,18.5,21.0,33.9,24.3,29.3,0.0,0.0,0.0,0.0,0.0,22.9,16.9,0.077,0.0,17.9,26.7,18.0,17.1,28.4,17.7,0.0,21.7,20.6,23.5,18.1,19.8,18.2,17.9,18.4,27.5,21.7,28.2,23.3
2023-10-29 00:49:49+00:00,False,True,False,False,False,True,True,21.4,18.5,21.0,33.9,24.3,29.3,0.0,0.0,0.0,0.0,0.0,22.9,16.9,0.077,0.0,17.9,26.7,18.0,17.1,28.4,17.7,0.0,21.7,20.6,23.5,18.1,19.8,18.2,17.9,18.4,27.5,21.7,28.2,23.3
2023-10-29 00:50:19+00:00,False,True,False,False,False,True,True,21.4,18.5,21.0,33.9,24.3,29.3,0.0,0.0,0.0,0.0,0.0,22.9,16.7,0.077,0.0,17.9,26.7,18.0,17.1,28.4,17.7,0.0,21.7,20.6,23.5,18.1,19.8,18.2,17.9,18.4,27.5,21.7,28.2,23.3
2023-10-29 00:50:49+00:00,False,True,False,False,False,True,True,21.4,18.5,21.0,33.9,24.3,29.3,0.0,0.0,0.0,0.0,0.0,22.9,16.7,0.077,0.0,17.9,26.7,18.0,17.1,28.4,17.7,0.0,21.7,20.6,23.5,18.1,19.8,18.2,17.9,18.4,27.5,21.7,28.2,23.3
2023-10-29 00:51:19+00:00,False,True,False,False,False,True,True,21.4,18.5,21.0,33.9,24.3,29.3,0.0,0.0,0.0,0.0,0.0,22.9,16.7,0.077,0.0,17.9,26.7,18.0,17.1,28.4,17.7,0.0,21.7,20.6,23.5,18.1,19.8,18.2,17.9,18.4,27.5,21.7,28.2,23.3
2023-10-29 00:51:50+00:00,False,True,False,False,False,True,True,21.4,18.5,21.0,33.9,24.3,29.3,0.0,0.0,0.0,0.0,0.0,22.9,16.7,0.077,0.0,17.9,26.7,18.0,17.1,28.4,17.7,0.0,21.7,20.6,23.5,18.1,19.8,18.2,17.9,18.4,27.5,21.7,28.2,23.3
2023-10-29 00:52:20+00:00,False,True,False,False,False,True,True,21.4,18.5,21.0,33.9,24.3,29.3,0.0,0.0,0.0,0.0,0.0,22.9,16.8,0.077,0.0,17.9,26.7,18.0,17.1,28.4,17.7,0.0,21.7,20.6,23.5,18.1,19.8,18.2,17.9,18.4,27.5,21.7,28.2,23.3
2023-10-29 00:52:51+00:00,False,True,False,False,False,True,True,21.4,18.5,21.0,33.9,24.3,29.3,0.0,0.0,0.0,0.0,0.0,22.9,16.7,0.077,0.0,17.9,26.7,18.0,17.1,28.4,17.7,0.0,21.7,20.6,23.5,18.1,19.8,18.2,17.9,18.4,27.5,21.7,28.2,23.2
2023-10-29 00:53:21+00:00,False,True,False,False,False,True,True,21.4,18.5,21.0,33.9,24.3,29.3,0.0,0.0,0.0,0.0,0.0,22.9,16.8,0.077,0.0,17.9,26.7,18.0,17.1,28.4,17.7,0.0,21.7,20.6,23.5,18.1,19.8,18.2,17.8,18.4,27.5,21.7,28.2,23.2
2023-10-29 00:53:52+00:00,False,True,False,False,False,True,True,21.4,18.5,21.0,33.9,24.3,29.3,0.0,0.0,0.0,0.0,0.0,22.9,16.8,0.077,0.0,17.9,26.7,18.0,17.1,28.4,17.7,0.0,21.7,20.6,23.5,18.1,19.8,18.2,17.8,18.4,27.5,21.6,28.2,23.2
2023-10-29 00:54:23+00:00,False,True,False,False,False,True,True,21.4,18.5,21.0,33.9,24.3,29.3,0.0,0.0,0.0,0.0,0.0,22.9,16.8,0.077,0.0,17.9,26.7,17.9,17.1,28.4,17.7,0.0,21.7,20.6,23.5,18.1,19.8,18.2,17.8,18.4,27.5,21.6,28.2,23.2
2023-10-29 00:54:53+00:00,False,True,False,False,False,True,True,21.4,18.5,21.0,33.9,24.3,29.3,0.0,0.0,0.0,0.0,0.0,22.9,16.8,0.077,0.0,17.9,26.7,17.9,17.1,28.4,17.7,0.0,21.7,20.6,23.5,18.1,19.8,18.2,17.8,18.4,27.5,21.6,28.2,23.2
2023-10-29 00:55:23+00:00,False,True,False,False,False,True,True,21.4,18.5,21.0,33.9,24.3,29.3,0.0,0.0,0.0,0.0,0.0,22.9,17.0,0.077,0.0,17.8,26.7,17.9,17.1,28.4,17.7,0.0,21.7,20.6,23.5,18.1,19.8,18.2,17.8,18.4,27.5,21.6,28.2,23.2
2023-10-29 00:55:53+00:00,False,True,False,False,False,True,True,21.4,18.5,21.0,33.9,24.3,29.3,0.0,0.0,0.0,0.0,0.0,22.9,16.9,0.077,0.0,17.8,26.7,17.9,17.0,28.4,17.7,0.0,21.7,20.6,23.5,18.1,19.8,18.2,17.8,18.4,27.5,21.6,28.2,23.2
2023-10-29 00:56:23+00:00,False,True,False,False,False,True,True,21.4,18.5,21.0,33.9,24.3,29.3,0.0,0.0,0.0,0.0,0.0,22.9,16.9,0.077,0.0,17.8,26.6,17.9,17.0,28.4,17.7,0.0,21.7,20.6,23.5,18.1,19.8,18.2,17.8,18.4,27.5,21.6,28.2,23.2
2023-10-29 00:56:54+00:00,False,True,False,False,False,True,True,21.4,18.5,21.0,33.9,24.3,29.3,0.0,0.0,0.0,0.0,0.0,22.9,16.9,0.077,0.0,17.8,26.6,17.9,17.0,28.4,17.7,0.0,21.7,20.6,23.5,18.1,19.8,18.2,17.8,18.4,27.5,21.6,28.2,23.2
2023-10-29 00:57:24+00:00,False,True,False,False,False,True,True,21.4,18.5,21.0,33.9,24.3,29.3,0.0,0.0,0.0,0.0,0.0,22.9,16.9,0.077,0.0,17.8,26.6,17.9,17.0,28.4,17.7,0.0,21.7,20.6,23.5,18.1,19.8,18.2,17.8,18.4,27.5,21.6,28.2,23.2
2023-10-29 00:57:54+00:00,False,True,False,False,False,True,True,21.4,18.5,21.0,33.9,24.3,29.3,0.0,0.0,0.0,0.0,0.0,22.9,16.8,0.077,0.0,17.8,26.6,17.9,17.0,28.4,17.7,0.0,21.7,20.6,23.5,18.1,19.8,18.2,17.8,18.4,27.5,21.6,28.2,23.2
2023-10-29 00:58:25+00:00,False,True,False,False,False,True,True,21.4,18.5,21.0,33.9,24.3,29.3,0.0,0.0,0.0,0.0,0.0,22.9,16.9,0.077,0.0,17.8,26.6,17.9,17.0,28.4,17.7,0.0,21.7,20.6,23.5,18.1,19.8,18.2,17.8,18.4,27.5,21.6,28.2,23.2
2023-10-29 00:58:55+00:00,False,True,False,False,False,True,True,21.4,18.5,21.0,33.9,24.3,29.3,0.0,0.0,0.0,0.0,0.0,22.9,16.7,0.077,0.0,17.8,26.6,17.9,17.0,28.3,17.7,0.0,21.7,20.6,23.5,18.1,19.8,18.2,17.8,18.4,27.5,21.6,28.2,23.2
2023-10-29 00:59:25+00:00,False,True,False,False,False,True,True,21.4,18.4,21.0,33.9,24.3,29.3,0.0,0.0,0.0,0.0,0.0,22.9,16.8,0.077,0.0,17.8,26.6,17.9,17.0,28.3,17.7,0.0,21.7,20.6,23.5,18.1,19.8,18.2,17.8,18.4,27.5,21.6,28.2,23.2
2023-10-29 00:59:55+00:00,False,True,False,False,False,True,True,21.4,18.4,21.0,33.9,24.3,29.4,0.0,0.0,0.0,0.0,0.0,22.9,16.7,0.077,0.0,17.8,26.6,17.9,17.0,28.3,17.7,0.0,21.7,20.6,23.5,18.1,19.8,18.2,17.8,18.4,27.5,21.6,28.2,23.2
2023-10-29 01:00:25+00:00,False,True,False,False,False,True,True,21.4,18.4,21.0,33.9,24.3,29.4,0.0,0.0,0.0,0.0,0.0,22.9,16.8,0.077,0.0,17.8,26.6,17.9,17.0,28.3,17.7,0.0,21.7,20.6,23.5,18.1,19.7,18.2,17.8,18.4,27.5,21.6,28.2,23.2
2023-10-29 01:00:56+00:00,False,True,False,False,False,True,True,21.4,18.4,21.0,33.9,24.3,29.3,0.0,0.0,0.0,0.0,0.0,22.9,16.9,0.077,0.0,17.8,26.6,17.9,17.0,28.3,17.7,0.0,21.7,20.6,23.5,18.1,19.7,18.2,17.8,18.4,27.5,21.6,28.2,23.2
2023-10-29 01:01:26+00:00,False,True,False,False,False,True,True,21.4,18.4,21.0,33.8,24.3,29.3,0.0,0.0,0.0,0.0,0.0,22.9,16.8,0.077,0.0,17.8,26.6,17.9,17.0,28.3,17.7,0.0,21.7,20.6,23.5,18.1,19.7,18.2,17.8,18.4,27.5,21.6,28.2,23.2
2023-10-29 01:01:56+00:00,False,True,False,False,False,True,True,21.4,18.4,21.0,33.8,24.3,29.3,0.0,0.0,0.0,0.0,0.0,22.9,16.9,0.077,0.0,17.8,26.6,17.9,17.0,28.3,17.7,0.0,21.7,20.6,23.5,18.1,19.7,18.2,17.8,18.4,27.5,21.6,28.2,23.2
2023-10-29 01:02:26+00:00,False,True,False,False,False,True,True,21.4,18.4,21.0,33.8,24.3,29.3,0.0,0.0,0.0,0.0,0.0,22.9,16.8,0.077,0.0,17.8,26.6,17.9,17.0,28.3,17.7,0.0,21.7,20.6,23.5,18.1,19.7,18.2,17.8,18.4,27.5,21.6,28.2,23.2
2023-10-29 01:02:56+00:00,False,True,False,False,False,True,True,21.4,18.4,21.0,33.8,24.3,29.3,0.0,0.0,0.0,0.0,0.0,22.9,16.9,0.077,0.0,17.8,26.6,17.9,17.0,28.3,17.7,0.0,21.7,20.6,23.5,18.1,19.7,18.2,17.8,18.4,27.5,21.6,28.2,23.2
2023-10-29 01:03:26+00:00,False,True,False,False,False,True,True,21.4,18.4,21.0,33.8,24.3,29.3,0.0,0.0,0.0,0.0,0.0,22.9,16.8,0.077,0.0,17.8,26.6,17.9,17.0,28.3,17.7,0.0,21.7,20.6,23.5,18.1,19.7,18.2,17.8,18.4,27.5,21.6,28.2,23.2
2023-10-29 01:03:57+00:00,False,True,False,False,False,True,True,21.4,18.4,21.0,33.8,24.3,29.3,0.0,0.0,0.0,0.0,0.0,22.9,16.8,0.077,0.0,17.8,26.6,17.9,17.0,28.3,17.7,0.0,21.7,20.6,23.5,18.1,19.7,18.2,17.8,18.4,27.5,21.6,28.2,23.2
2023-10-29 01:04:27+00:00,False,True,False,False,False,True,True,21.4,18.4,21.0,33.8,24.3,29.3,0.0,0.0,0.0,0.0,0.0,22.9,16.7,0.077,0.0,17.8,26.6,17.9,17.0,28.3,17.7,0.0,21.7,20.6,23.5,18.1,19.7,18.2,17.8,18.4,27.5,21.6,28.2,23.2
2023-10-29 01:04:57+00:00,False,True,False,False,False,True,True,21.4,18.4,21.0,33.8,24.3,29.3,0.0,0.0,0.0,0.0,0.0,22.9,16.8,0.077,0.0,17.8,26.6,17.9,17.0,28.3,17.7,0.0,21.7,20.6,23.5,18.1,19.7,18.2,17.8,18.4,27.5,21.6,28.2,23.2
2023-10-29 01:05:27+00:00,False,True,False,False,False,True,True,21.4,18.4,21.0,33.8,24.3,29.3,0.0,0.0,0.0,0.0,0.0,22.9,16.9,0.077,0.0,17.8,26.6,17.9,17.0,28.3,17.7,0.0,21.7,20.6,23.5,18.1,19.7,18.2,17.8,18.4,27.5,21.6,28.2,23.2
2023-10-29 01:05:57+00:00,False,True,False,False,False,True,True,21.4,18.4,21.0,33.8,24.3,29.3,0.0,0.0,0.0,0.0,0.0,22.9,16.8,0.077,0.0,17.8,26.6,17.9,17.0,28.3,17.7,0.0,21.7,20.5,23.5,18.1,19.7,18.2,17.8,18.4,27.5,21.6,28.2,23.2
2023-10-29 01:06:28+00:00,False,True,False,False,False,True,True,21.4,18.4,21.0,33.8,24.3,29.3,0.0,0.0,0.0,0.0,0.0,22.9,16.7,0.078,0.0,17.8,26.6,17.9,17.0,28.3,17.7,0.0,21.7,20.5,23.5,18.1,19.7,18.2,17.8,18.4,27.5,21.6,28.2,23.2
2023-10-29 01:06:58+00:00,False,True,False,False,False,True,True,21.4,18.4,21.0,33.8,24.3,29.3,0.0,0.0,0.0,0.0,0.0,22.9,16.8,0.077,0.0,17.8,26.6,17.9,17.0,28.3,17.7,0.0,21.7,20.5,23.5,18.1,19.7,18.2,17.8,18.4,27.5,21.6,28.2,23.2
2023-10-29 01:07:28+00:00,False,True,False,False,False,True,True,21.4,18.4,21.0,33.8,24.3,29.3,0.0,0.0,0.0,0.0,0.0,22.9,16.6,0.077,0.0,17.8,26.6,17.9,17.0,28.3,17.7,0.0,21.7,20.5,23.5,18.1,19.7,18.2,17.8,18.4,27.5,21.6,28.2,23.2
2023-10-29 01:07:58+00:00,False,True,False,False,False,True,True,21.4,18.4,21.0,33.8,24.3,29.3,0.0,0.0,0.0,0.0,0.0,22.9,16.7,0.077,0.0,17.8,26.6,17.9,17.0,28.3,17.7,0.0,21.7,20.5,23.5,18.1,19.7,18.2,17.8,18.4,27.5,21.6,28.2,23.2
2023-10-29 01:08:29+00:00,False,True,False,False,False,True,True,21.4,18.4,21.0,33.8,24.3,29.3,0.0,0.0,0.0,0.0,0.0,22.9,16.7,0.078,0.0,17.8,26.6,17.9,17.0,28.3,17.7,0.0,21.7,20.5,23.5,18.1,19.7,18.2,17.8,18.4,27.4,21.6,28.2,23.2
2023-10-29 01:08:59+00:00,False,True,False,False,False,True,True,21.4,18.4,21.0,33.8,24.3,29.3,0.0,0.0,0.0,0.0,0.0,22.9,16.7,0.077,0.0,17.8,26.6,17.9,17.0,28.3,17.7,0.0,21.7,20.5,23.5,18.1,19.7,18.2,17.8,18.4,27.4,21.6,28.2,23.2
2023-10-29 01:09:30+00:00,False,True,False,False,False,True,True,21.4,18.4,21.0,33.8,24.3,29.3,0.0,0.0,0.0,0.0,0.0,22.9,16.6,0.077,0.0,17.8,26.6,17.9,17.0,28.3,17.7,0.0,21.7,20.5,23.5,18.1,19.7,18.2,17.8,18.4,27.4,21.6,28.2,23.2
2023-10-29 01:10:00+00:00,False,True,False,False,False,True,True,21.4,18.4,20.9,33.8,24.3,29.3,0.0,0.0,0.0,0.0,0.0,22.9,16.6,0.077,0.0,17.8,26.6,17.9,17.0,28.3,17.7,0.0,21.7,20.5,23.5,18.1,19.7,18.2,17.8,18.4,27.4,21.6,28.2,23.2
2023-10-29 01:10:31+00:00,False,True,False,False,False,True,True,21.4,18.4,20.9,33.8,24.3,29.3,0.0,0.0,0.0,0.0,0.0,22.9,16.6,0.077,0.0,17.8,26.6,17.9,17.0,28.3,17.7,0.0,21.7,20.5,23.5,18.1,19.7,18.2,17.8,18.4,27.4,21.6,28.2,23.2
