index,Date_time_local,DATETIME,PVT_IN_TO_DHW,PVT_OUT_FROM_DHW,PVT_IN_TO_SOLAR_BUFFER,PVT_OUT_FROM_SOLAR_BUFFER,SOLAR_BUFFER_IN,SOLAR_BUFFER_OUT,BTES_TANK_IN,BTES_TANK_OUT,SOLAR_HEAT_REJECTION_IN,SOLAR_HEAT_REJECTION_OUT,THREE_WAY_EVAP_OPERATION,THREE_WAY_COND_OPERATION,THREE_WAY_SOLAR_OPERATION,RECEIVER_LIQUID_IN,RECEIVER_LIQUID_OUT,ECO_LIQUID_OUT,SUCTION_TEMP,DISCHARGE_TEMP,ECO_VAPOR_TEMP,EXPANSION_TEMP,ECO_EXPANSION_TEMP,SUCTION_PRESSURE,DISCHARGE_PRESSURE,ECO_PRESSURE,AIR_COOLED_COMMAND,FOUR_WAY_VALVE,WATER_IN_EVAP,WATER_OUT_EVAP,WATER_IN_COND,WATER_OUT_COND,OUTDOOR_TEMP,BTES_TANK,SOLAR_BUFFER_TANK,SH_BUFFER,DHW_BUFFER,INDOOR_TEMP,DHW_INLET,DHW_OUTLET,SH1_IN,SH1_RETURN,DHW_BOTTOM,AIR_HP_TO_BTES_TANK,SH_INLET,SH_RETURN,PVT_IN,PVT_OUT,POWER_HP,POWER_PVT,FLOW_EVAPORATOR,FLOW_CONDENSER,FLOW_DHW,FLOW_SOLAR_HEAT_REJECTION,FLOW_PVT,FLOW_FAN_COILS_INDOOR,PYRANOMETER,Compressor_HZ,Residential_office_mode,MODBUS_LOCAL,EEV_LOAD1,EEV_LOAD2
200,2023-10-29 01:41:19,2023-10-28T22:41:19Z,27.2,28.8,18.7,18.4,18.8,18.5,19.2,21.1,,,True,False,True,,,,,,,,,,,31.0,False,True,22.2,23.8,28.0,28.7,17.1,21.4,18.4,23.5,34.1,23.1,24.8,29.7,22.0,21.0,,,18.7,20.7,18.7,18.0,0.076,0.0,0.0,0.0,0.0,,0.0,0.0,0.0,,False,False,,
201,2023-10-29 01:41:49,2023-10-28T22:41:49Z,27.2,28.8,18.7,18.4,18.8,18.5,19.2,21.1,,,True,False,True,,,,,,,,,,,,False,True,22.2,23.8,28.0,28.7,17.0,21.4,18.4,23.5,34.1,23.1,24.8,29.7,21.9,21.0,,,18.7,20.7,18.7,18.0,0.076,0.0,0.0,0.0,0.0,,0.0,0.0,0.0,,False,False,,
202,2023-10-29 01:42:19,2023-10-28T22:42:19Z,27.2,28.8,18.7,18.4,18.8,18.5,19.2,21.1,,,True,False,True,,,,,,,,,,,,False,True,22.2,23.8,28.0,28.7,17.0,21.4,18.4,23.5,34.1,23.1,24.8,29.7,21.9,21.0,,,18.7,20.7,18.7,18.0,0.076,0.0,0.0,0.0,0.0,,0.0,0.0,0.0,,False,False,,
203,2023-10-29 01:42:49,2023-10-28T22:42:49Z,27.2,28.8,18.7,18.4,18.8,18.5,19.2,21.1,,,True,False,True,,,,,,,,,,,,False,True,22.2,23.8,28.0,28.7,17.0,21.4,18.4,23.5,34.1,23.1,24.8,29.7,21.9,21.0,,,18.7,20.7,18.7,18.0,0.077,0.0,0.0,0.0,0.0,,0.0,0.0,0.0,,False,False,,
204,2023-10-29 01:43:20,2023-10-28T22:43:19Z,27.2,28.8,18.7,18.4,18.8,18.5,19.2,21.1,,,True,False,True,,,,,,,,,,,,False,True,22.2,23.7,28.0,28.7,17.2,21.4,18.4,23.5,34.1,23.1,24.8,29.7,21.9,21.0,,,18.7,20.7,18.7,18.0,0.077,0.0,0.0,0.0,0.0,,0.0,0.0,0.0,,False,False,,
205,2023-10-29 01:43:50,2023-10-28T22:43:50Z,27.2,28.8,18.7,18.4,18.8,18.5,19.2,21.1,,,True,False,True,,,,,,,,,,,,False,True,22.2,23.7,28.0,28.7,17.2,21.4,18.4,23.5,34.1,23.1,24.8,29.7,21.9,21.0,,,18.7,20.7,18.7,18.0,0.076,0.0,0.0,0.0,0.0,,0.0,0.0,0.0,,False,False,,
206,2023-10-29 01:44:20,2023-10-28T22:44:20Z,27.2,28.8,18.7,18.4,18.8,18.5,19.2,21.1,,,True,False,True,,,,,,,,,,,,False,True,22.2,23.7,28.0,28.7,17.1,21.4,18.4,23.5,34.1,23.1,24.8,29.7,21.9,21.0,,,18.7,20.7,18.7,18.0,0.077,0.0,0.0,0.0,0.0,,0.0,0.0,0.0,,False,False,,
207,2023-10-29 01:44:50,2023-10-28T22:44:50Z,27.2,28.8,18.7,18.4,18.8,18.5,19.2,21.1,,,True,False,True,,,,,,,,,,,,False,True,22.2,23.7,28.0,28.7,17.0,21.4,18.4,23.5,34.1,23.1,24.8,29.7,21.9,21.0,,,18.7,20.7,18.7,18.0,0.077,0.0,0.0,0.0,0.0,,0.0,0.0,0.0,,False,False,,
208,2023-10-29 01:45:21,2023-10-28T22:45:20Z,27.2,28.8,18.7,18.4,18.8,18.5,19.2,21.1,,,True,False,True,,,,,,,,,,,,False,True,22.2,23.7,28.0,28.7,17.2,21.4,18.4,23.5,34.1,23.1,24.8,29.7,21.9,21.0,,,18.7,20.7,18.7,18.0,0.076,0.0,0.0,0.0,0.0,,0.0,0.0,0.0,,False,False,,
209,2023-10-29 01:45:51,2023-10-28T22:45:51Z,27.2,28.8,18.7,18.4,18.8,18.5,19.2,21.1,,,True,False,True,,,,,,,,,,,,False,True,22.2,23.7,28.0,28.7,17.2,21.4,18.4,23.5,34.1,23.1,24.8,29.7,21.9,21.0,,,18.7,20.7,18.7,18.0,0.077,0.0,0.0,0.0,0.0,,0.0,0.0,0.0,,False,False,,
210,2023-10-29 01:46:21,2023-10-28T22:46:21Z,27.2,28.8,18.7,18.4,18.8,18.5,19.2,21.1,,,True,False,True,,,,,,,,,,,,False,True,22.2,23.7,28.0,28.7,17.0,21.4,18.4,23.5,34.1,23.1,24.8,29.7,21.9,21.0,,,18.7,20.7,18.7,18.0,0.077,0.0,0.0,0.0,0.0,,0.0,0.0,0.0,,False,False,,
211,2023-10-29 01:46:51,2023-10-28T22:46:51Z,27.2,28.8,18.7,18.4,18.8,18.5,19.1,21.1,,,True,False,True,,,,,,,,,,,,False,True,22.2,23.7,28.0,28.7,17.1,21.4,18.4,23.5,34.1,23.1,24.8,29.7,21.9,21.0,,,18.7,20.7,18.7,18.0,0.076,0.0,0.0,0.0,0.0,,0.0,0.0,0.0,,False,False,,
212,2023-10-29 01:47:21,2023-10-28T22:47:21Z,27.2,28.8,18.7,18.4,18.8,18.5,19.1,21.1,,,True,False,True,,,,,,,,,,,,False,True,22.2,23.7,28.0,28.7,17.0,21.4,18.4,23.5,34.1,23.1,24.8,29.7,21.9,21.0,,,18.7,20.7,18.7,18.0,0.076,0.0,0.0,0.0,0.0,,0.0,0.0,0.0,,False,False,,
213,2023-10-29 01:47:52,2023-10-28T22:47:51Z,27.2,28.8,18.7,18.4,18.8,18.5,19.1,21.1,,,True,False,True,,,,,,,,,,,,False,True,22.2,23.7,28.0,28.7,17.2,21.4,18.4,23.5,34.1,23.1,24.8,29.7,21.9,21.0,,,18.7,20.7,18.7,18.0,0.077,0.0,0.0,0.0,0.0,,0.0,0.0,0.0,,False,False,,
214,2023-10-29 01:48:22,2023-10-28T22:48:22Z,27.2,28.8,18.7,18.4,18.8,18.5,19.1,21.1,,,True,False,True,,,,,,,,,,,,False,True,22.2,23.7,28.0,28.7,17.0,21.4,18.4,23.5,34.1,23.1,24.8,29.7,21.9,21.0,,,18.7,20.7,18.7,18.0,0.076,0.0,0.0,0.0,0.0,,0.0,0.0,0.0,,False,False,,
215,2023-10-29 01:48:52,2023-10-28T22:48:52Z,27.2,28.8,18.7,18.4,18.8,18.5,19.1,21.1,,,True,False,True,,,,,,,,,,,,False,True,22.2,23.7,28.0,28.7,16.9,21.4,18.4,23.5,34.1,23.0,24.8,29.7,21.9,21.0,,,18.7,20.6,18.7,18.0,0.077,0.0,0.0,0.0,0.0,,0.0,0.0,0.0,,False,False,,
216,2023-10-29 01:49:22,2023-10-28T22:49:22Z,27.2,28.8,18.7,18.4,18.8,18.4,19.1,21.1,,,True,False,True,,,,,,,,,,,,False,True,22.2,23.7,28.0,28.7,17.1,21.4,18.4,23.5,34.1,23.0,24.8,29.7,21.9,21.0,,,18.7,20.6,18.7,17.9,0.077,0.0,0.0,0.0,0.0,,0.0,0.0,0.0,,False,False,,
217,2023-10-29 01:49:52,2023-10-28T22:49:52Z,27.2,28.8,18.7,18.4,18.8,18.4,19.1,21.1,,,True,False,True,,,,,,,,,,,,False,True,22.2,23.7,28.0,28.7,16.9,21.4,18.4,23.5,34.1,23.0,24.8,29.7,21.9,21.0,,,18.7,20.6,18.7,17.9,0.077,0.0,0.0,0.0,0.0,,0.0,0.0,0.0,,False,False,,
218,2023-10-29 01:50:22,2023-10-28T22:50:22Z,27.2,28.8,18.7,18.4,18.8,18.4,19.1,21.1,,,True,False,True,,,,,,,,,,,,False,True,22.2,23.7,28.0,28.7,17.1,21.4,18.4,23.5,34.1,23.1,24.8,29.7,21.9,21.0,,,18.7,20.6,18.7,17.9,0.077,0.0,0.0,0.0,0.0,,0.0,0.0,0.0,,False,False,,
219,2023-10-29 01:50:53,2023-10-28T22:50:52Z,27.2,28.8,18.7,18.4,18.8,18.4,19.1,21.1,,,True,False,True,,,,,,,,,,,,False,True,22.2,23.7,28.0,28.7,17.0,21.4,18.4,23.5,34.1,23.1,24.8,29.7,21.9,21.0,,,18.6,20.6,18.7,17.9,0.077,0.0,0.0,0.0,0.0,,0.0,0.0,0.0,,False,False,,
220,2023-10-29 01:51:23,2023-10-28T22:51:23Z,27.2,28.8,18.7,18.4,18.8,18.4,19.1,21.1,,,True,False,True,,,,,,,,,,,,False,True,22.2,23.7,28.0,28.7,16.9,21.4,18.4,23.5,34.1,23.0,24.8,29.7,21.9,21.0,,,18.6,20.6,18.7,17.9,0.077,0.0,0.0,0.0,0.0,,0.0,0.0,0.0,,False,False,,
221,2023-10-29 01:51:53,2023-10-28T22:51:53Z,27.2,28.8,18.6,18.3,18.8,18.4,19.1,21.1,,,True,False,True,,,,,,,,,,,,False,True,22.2,23.7,28.0,28.7,17.0,21.4,18.4,23.5,34.1,23.0,24.8,29.7,21.9,21.0,,,18.6,20.6,18.7,17.9,0.077,0.0,0.0,0.0,0.0,,0.0,0.0,0.0,,False,False,,
222,2023-10-29 01:52:23,2023-10-28T22:52:23Z,27.2,28.8,18.6,18.3,18.8,18.4,19.1,21.1,,,True,False,True,,,,,,,,,,,,False,True,22.2,23.7,27.9,28.7,16.9,21.4,18.4,23.5,34.1,23.0,24.8,29.7,21.9,21.0,,,18.6,20.6,18.7,17.9,0.077,0.0,0.0,0.0,0.0,,0.0,0.0,0.0,,False,False,,
223,2023-10-29 01:52:54,2023-10-28T22:52:53Z,27.2,28.8,18.6,18.3,18.8,18.4,19.1,21.1,,,True,False,True,,,,,,,,,,,,False,True,22.2,23.7,27.9,28.7,16.9,21.4,18.4,23.5,34.1,23.0,24.8,29.7,21.9,21.0,,,18.6,20.6,18.7,17.9,0.076,0.0,0.0,0.0,0.0,,0.0,0.0,0.0,,False,False,,
224,2023-10-29 01:53:24,2023-10-28T22:53:24Z,27.2,28.8,18.6,18.3,18.8,18.4,19.1,21.1,,,True,False,True,,,,,,,,,,,,False,True,22.2,23.7,27.9,28.6,16.9,21.4,18.4,23.5,34.1,23.0,24.8,29.7,21.9,21.0,,,18.6,20.6,18.7,17.9,0.077,0.0,0.0,0.0,0.0,,0.0,0.0,0.0,,False,False,,
225,2023-10-29 01:53:55,2023-10-28T22:53:54Z,27.2,28.8,18.6,18.3,18.8,18.4,19.1,21.1,,,True,False,True,,,,,,,,,,,,False,True,22.1,23.7,27.9,28.6,16.8,21.4,18.4,23.5,34.1,23.1,24.7,29.7,21.9,21.0,,,18.6,20.6,18.7,17.9,0.077,0.0,0.0,0.0,0.0,,0.0,0.0,0.0,,False,False,,
226,2023-10-29 01:54:25,2023-10-28T22:54:25Z,27.1,28.8,18.6,18.3,18.8,18.4,19.1,21.1,,,True,False,True,,,,,,,,,,,,False,True,22.1,23.7,27.9,28.6,17.0,21.4,18.4,23.5,34.1,23.1,24.7,29.7,21.9,21.0,,,18.6,20.6,18.7,17.9,0.077,0.0,0.0,0.0,0.0,,0.0,0.0,0.0,,False,False,,
227,2023-10-29 01:54:55,2023-10-28T22:54:55Z,27.1,28.8,18.6,18.3,18.8,18.4,19.1,21.1,,,True,False,True,,,,,,,,,,,,False,True,22.1,23.7,27.9,28.6,16.8,21.4,18.4,23.5,34.1,23.1,24.7,29.7,21.9,21.0,,,18.6,20.6,18.6,17.9,0.077,0.0,0.0,0.0,0.0,,0.0,0.0,0.0,,False,False,,
228,2023-10-29 01:55:25,2023-10-28T22:55:25Z,27.1,28.8,18.6,18.3,18.8,18.4,19.1,21.1,,,True,False,True,,,,,,,,,,,,False,True,22.1,23.7,27.9,28.6,16.9,21.4,18.4,23.5,34.1,23.1,24.7,29.7,21.9,21.0,,,18.6,20.6,18.6,17.9,0.077,0.0,0.0,0.0,0.0,,0.0,0.0,0.0,,False,False,,
229,2023-10-29 01:55:55,2023-10-28T22:55:55Z,27.1,28.8,18.6,18.3,18.8,18.4,19.1,21.1,,,True,False,True,,,,,,,,,,,,False,True,22.1,23.7,27.9,28.6,17.0,21.4,18.4,23.5,34.1,23.1,24.7,29.7,21.9,21.0,,,18.6,20.6,18.6,17.9,0.076,0.0,0.0,0.0,0.0,,0.0,0.0,0.0,,False,False,,
230,2023-10-29 01:56:25,2023-10-28T22:56:25Z,27.1,28.8,18.6,18.3,18.8,18.4,19.1,21.1,,,True,False,True,,,,,,,,,,,,False,True,22.1,23.7,27.9,28.6,16.8,21.4,18.4,23.5,34.1,23.1,24.7,29.7,21.9,20.9,,,18.6,20.6,18.6,17.9,0.076,0.0,0.0,0.0,0.0,,0.0,0.0,0.0,,False,False,,
231,2023-10-29 01:56:56,2023-10-28T22:56:55Z,27.1,28.8,18.6,18.3,18.8,18.4,19.1,21.1,,,True,False,True,,,,,,,,,,,,False,True,22.1,23.7,27.9,28.6,16.9,21.4,18.4,23.5,34.1,23.1,24.7,29.7,21.9,20.9,,,18.6,20.6,18.6,17.9,0.076,0.0,0.0,0.0,0.0,,0.0,0.0,0.0,,False,False,,
232,2023-10-29 01:57:26,2023-10-28T22:57:26Z,27.1,28.8,18.6,18.3,18.8,18.4,19.1,21.1,,,True,False,True,,,,,,,,,,,,False,True,22.1,23.7,27.9,28.6,16.8,21.4,18.4,23.5,34.1,23.1,24.7,29.7,21.9,20.9,,,18.6,20.6,18.6,17.9,0.077,0.0,0.0,0.0,0.0,,0.0,0.0,0.0,,False,False,,
233,2023-10-29 01:57:56,2023-10-28T22:57:56Z,27.1,28.8,18.6,18.3,18.8,18.4,19.1,21.1,,,True,False,True,,,,,,,,,,,,False,True,22.1,23.7,27.9,28.6,16.7,21.4,18.4,23.5,34.1,23.1,24.7,29.7,21.9,20.9,,,18.6,20.6,18.6,17.9,0.076,0.0,0.0,0.0,0.0,,0.0,0.0,0.0,,False,False,,
234,2023-10-29 01:58:26,2023-10-28T22:58:26Z,27.1,28.8,18.6,18.3,18.7,18.4,19.1,21.1,,,True,False,True,,,,,,,,,,,,False,True,22.1,23.7,27.9,28.6,16.8,21.4,18.4,23.5,34.1,23.1,24.7,29.7,21.9,20.9,,,18.6,20.6,18.6,17.9,0.076,0.0,0.0,0.0,0.0,,0.0,0.0,0.0,,False,False,,
235,2023-10-29 01:58:57,2023-10-28T22:58:57Z,27.1,28.8,18.6,18.3,18.7,18.4,19.1,21.1,,,True,False,True,,,,,,,,,,,,False,True,22.1,23.7,27.9,28.6,16.9,21.4,18.4,23.5,34.1,23.1,24.7,29.7,21.9,20.9,,,18.6,20.6,18.6,17.9,0.076,0.0,0.0,0.0,0.0,,0.0,0.0,0.0,,False,False,,
236,2023-10-29 01:59:27,2023-10-28T22:59:27Z,27.1,28.8,18.6,18.3,18.7,18.4,19.0,21.1,,,True,False,True,,,,,,,,,,,,False,True,22.1,23.7,27.9,28.6,16.8,21.4,18.4,23.5,34.1,23.0,24.7,29.7,21.9,20.9,,,18.6,20.6,18.6,17.9,0.076,0.0,0.0,0.0,0.0,,0.0,0.0,0.0,,False,False,,
237,2023-10-29 01:59:57,2023-10-28T22:59:57Z,27.1,28.8,18.6,18.3,18.7,18.4,19.0,21.1,,,True,False,True,,,,,,,,,,,,False,True,22.1,23.7,27.9,28.6,16.9,21.4,18.4,23.5,34.1,23.0,24.7,29.7,21.9,20.9,,,18.6,20.6,18.6,17.9,0.076,0.0,0.0,0.0,0.0,,0.0,0.0,0.0,,False,False,,
238,2023-10-29 02:00:28,2023-10-28T23:00:27Z,27.1,28.8,18.6,18.2,18.7,18.4,19.0,21.1,,,True,False,True,,,,,,,,,,,,False,True,22.1,23.7,27.9,28.6,16.9,21.4,18.4,23.5,34.1,23.0,24.7,29.7,21.9,20.9,,,18.6,20.6,18.6,17.9,0.077,0.0,0.0,0.0,0.0,,0.0,0.0,0.0,,False,False,,
239,2023-10-29 02:00:58,2023-10-28T23:00:58Z,27.1,28.8,18.5,18.2,18.7,18.4,19.0,21.1,,,True,False,True,,,,,,,,,,,,False,True,22.1,23.7,27.9,28.6,16.8,21.4,18.4,23.5,34.1,23.1,24.7,29.6,21.9,20.9,,,18.6,20.6,18.6,17.8,0.076,0.0,0.0,0.0,0.0,,0.0,0.0,0.0,,False,False,,
240,2023-10-29 02:01:28,2023-10-28T23:01:28Z,27.1,28.8,18.5,18.2,18.7,18.4,19.0,21.1,,,True,False,True,,,,,,,,,,,,False,True,22.1,23.7,27.9,28.6,16.8,21.4,18.4,23.5,34.1,23.1,24.7,29.6,21.9,20.9,,,18.6,20.5,18.6,17.8,0.076,0.0,0.0,0.0,0.0,,0.0,0.0,0.0,,False,False,,
241,2023-10-29 02:01:59,2023-10-28T23:01:58Z,27.1,28.8,18.5,18.2,18.7,18.4,19.0,21.1,,,True,False,True,,,,,,,,,,,,False,True,22.1,23.7,27.9,28.6,16.7,21.4,18.4,23.5,34.1,23.1,24.7,29.6,21.9,20.9,,,18.6,20.5,18.6,17.8,0.076,0.0,0.0,0.0,0.0,,0.0,0.0,0.0,,False,False,,
242,2023-10-29 02:02:29,2023-10-28T23:02:29Z,27.1,28.8,18.5,18.2,18.7,18.4,19.0,21.1,,,True,False,True,,,,,,,,,,,,False,True,22.1,23.7,27.9,28.6,16.8,21.4,18.4,23.5,34.1,23.1,24.7,29.6,21.9,20.9,,,18.5,20.5,18.6,17.8,0.077,0.0,0.0,0.0,0.0,,0.0,0.0,0.0,,False,False,,
243,2023-10-29 02:02:59,2023-10-28T23:02:59Z,27.1,28.8,18.5,18.2,18.7,18.4,19.0,21.1,,,True,False,True,,,,,,,,,,,,False,True,22.1,23.7,27.9,28.6,16.7,21.4,18.4,23.5,34.1,23.1,24.7,29.6,21.9,20.9,,,18.5,20.5,18.6,17.8,0.076,0.0,0.0,0.0,0.0,,0.0,0.0,0.0,,False,False,,
244,2023-10-29 02:03:29,2023-10-28T23:03:29Z,27.1,28.8,18.5,18.2,18.7,18.3,19.0,21.1,,,True,False,True,,,,,,,,,,,,False,True,22.1,23.7,27.9,28.6,16.7,21.4,18.4,23.5,34.1,23.1,24.7,29.6,21.9,20.9,,,18.5,20.5,18.6,17.8,0.076,0.0,0.0,0.0,0.0,,0.0,0.0,0.0,,False,False,,
245,2023-10-29 02:03:59,2023-10-28T23:03:59Z,27.1,28.8,18.5,18.2,18.7,18.3,19.0,21.1,,,True,False,True,,,,,,,,,,,,False,True,22.1,23.7,27.9,28.6,16.8,21.4,18.4,23.5,34.1,23.1,24.7,29.6,21.9,20.9,,,18.5,20.5,18.6,17.8,0.077,0.0,0.0,0.0,0.0,,0.0,0.0,0.0,,False,False,,
246,2023-10-29 02:04:30,2023-10-28T23:04:30Z,27.1,28.8,18.5,18.2,18.7,18.3,19.0,21.1,,,True,False,True,,,,,,,,,,,,False,True,22.1,23.7,27.9,28.6,16.7,21.4,18.4,23.5,34.1,23.1,24.7,29.6,21.9,20.9,,,18.5,20.5,18.6,17.8,0.077,0.0,0.0,0.0,0.0,,0.0,0.0,0.0,,False,False,,
247,2023-10-29 02:05:00,2023-10-28T23:05:00Z,27.1,28.8,18.5,18.2,18.7,18.3,19.0,21.1,,,True,False,True,,,,,,,,,,,,False,True,22.1,23.7,27.9,28.6,16.7,21.4,18.4,23.5,34.1,23.0,24.7,29.6,21.9,20.9,,,18.5,20.5,18.6,17.8,0.077,0.0,0.0,0.0,0.0,,0.0,0.0,0.0,,False,False,,
248,2023-10-29 02:05:30,2023-10-28T23:05:30Z,27.1,28.7,18.5,18.2,18.7,18.3,19.0,21.1,,,True,False,True,,,,,,,,,,,,False,True,22.1,23.7,27.9,28.6,16.6,21.4,18.4,23.5,34.1,23.0,24.7,29.6,21.9,20.9,,,18.5,20.5,18.6,17.8,0.077,0.0,0.0,0.0,0.0,,0.0,0.0,0.0,,False,False,,
249,2023-10-29 02:06:01,2023-10-28T23:06:00Z,27.1,28.7,18.5,18.2,18.7,18.3,19.0,21.1,,,True,False,True,,,,,,,,,,,,False,True,22.1,23.7,27.9,28.6,16.6,21.4,18.4,23.5,34.1,23.0,24.7,29.6,21.9,20.9,,,18.5,20.5,18.6,17.8,0.077,0.0,0.0,0.0,0.0,,0.0,0.0,0.0,,False,False,,
250,2023-10-29 02:06:31,2023-10-28T23:06:31Z,27.1,28.7,18.5,18.2,18.7,18.3,19.0,21.1,,,True,False,True,,,,,,,,,,,,False,True,22.1,23.7,27.9,28.6,16.6,21.4,18.4,23.5,34.1,23.0,24.7,29.6,21.9,20.9,,,18.5,20.5,18.6,17.8,0.076,0.0,0.0,0.0,0.0,,0.0,0.0,0.0,,False,False,,
251,2023-10-29 02:07:01,2023-10-28T23:07:01Z,27.1,28.7,18.5,18.2,18.7,18.3,19.0,21.1,,,True,False,True,,,,,,,,,,,,False,True,22.1,23.7,27.9,28.6,16.6,21.4,18.4,23.5,34.1,23.0,24.7,29.6,21.9,20.9,,,18.5,20.5,18.6,17.8,0.076,0.0,0.0,0.0,0.0,,0.0,0.0,0.0,,False,False,,
252,2023-10-29 02:07:31,2023-10-28T23:07:31Z,27.1,28.7,18.5,18.2,18.7,18.3,19.0,21.1,,,True,False,True,,,,,,,,,,,,False,True,22.1,23.7,27.9,28.6,16.7,21.4,18.4,23.5,34.0,23.0,24.7,29.6,21.9,20.9,,,18.5,20.5,18.6,17.8,0.077,0.0,0.0,0.0,0.0,,0.0,0.0,0.0,,False,False,,
253,2023-10-29 02:08:01,2023-10-28T23:08:01Z,27.1,28.7,18.5,18.2,18.7,18.3,19.0,21.1,,,True,False,True,,,,,,,,,,,,False,True,22.1,23.7,27.9,28.6,16.8,21.4,18.4,23.5,34.1,23.0,24.7,29.6,21.9,20.9,,,18.5,20.5,18.5,17.8,0.077,0.0,0.0,0.0,0.0,,0.0,0.0,0.0,,False,False,,
254,2023-10-29 02:08:31,2023-10-28T23:08:31Z,27.1,28.7,18.5,18.1,18.7,18.3,19.0,21.1,,,True,False,True,,,,,,,,,,,,False,True,22.1,23.6,27.9,28.6,16.6,21.4,18.4,23.5,34.1,23.0,24.7,29.6,21.9,20.9,,,18.5,20.5,18.5,17.8,0.077,0.0,0.0,0.0,0.0,,0.0,0.0,0.0,,False,False,,
255,2023-10-29 02:09:02,2023-10-28T23:09:01Z,27.1,28.7,18.5,18.1,18.7,18.3,19.0,21.1,,,True,False,True,,,,,,,,,,,,False,True,22.1,23.6,27.9,28.6,16.6,21.4,18.4,23.5,34.0,23.0,24.7,29.6,21.9,20.9,,,18.5,20.5,18.5,17.8,0.076,0.0,0.0,0.0,0.0,,0.0,0.0,0.0,,False,False,,
256,2023-10-29 02:09:32,2023-10-28T23:09:32Z,27.1,28.7,18.5,18.1,18.7,18.3,19.0,21.1,,,True,False,True,,,,,,,,,,,,False,True,22.1,23.6,27.9,28.6,16.6,21.4,18.4,23.5,34.0,23.0,24.7,29.6,21.9,20.9,,,18.5,20.5,18.5,17.8,0.076,0.0,0.0,0.0,0.0,,0.0,0.0,0.0,,False,False,,
257,2023-10-29 02:10:02,2023-10-28T23:10:02Z,27.1,28.7,18.5,18.1,18.7,18.3,19.0,21.1,,,True,False,True,,,,,,,,,,,,False,True,22.1,23.6,27.9,28.6,16.6,21.4,18.4,23.5,34.0,23.0,24.7,29.6,21.9,20.9,,,18.5,20.5,18.5,17.8,0.076,0.0,0.0,0.0,0.0,,0.0,0.0,0.0,,False,False,,
258,2023-10-29 02:10:32,2023-10-28T23:10:32Z,27.1,28.7,18.4,18.1,18.7,18.3,19.0,21.1,,,True,False,True,,,,,,,,,,,,False,True,22.1,23.6,27.9,28.6,16.7,21.4,18.4,23.5,34.0,23.0,24.7,29.6,21.9,20.9,,,18.5,20.5,18.5,17.8,0.076,0.0,0.0,0.0,0.0,,0.0,0.0,0.0,,False,False,,
259,2023-10-29 02:11:02,2023-10-28T23:11:02Z,27.1,28.7,18.4,18.1,18.7,18.3,19.0,21.1,,,True,False,True,,,,,,,,,,,,False,True,22.1,23.6,27.9,28.6,16.8,21.4,18.4,23.5,34.0,23.0,24.7,29.6,21.9,20.9,,,18.5,20.5,18.5,17.8,0.077,0.0,0.0,0.0,0.0,,0.0,0.0,0.0,,False,False,,
260,2023-10-29 02:11:32,2023-10-28T23:11:32Z,27.1,28.7,18.4,18.1,18.7,18.3,18.9,21.1,,,True,False,True,,,,,,,,,,,,False,True,22.1,23.6,27.9,28.6,16.8,21.4,18.4,23.5,34.0,23.0,24.7,29.6,21.9,20.9,,,18.5,20.5,18.5,17.7,0.077,0.0,0.0,0.0,0.0,,0.0,0.0,0.0,,False,False,,
261,2023-10-29 02:12:03,2023-10-28T23:12:02Z,27.1,28.7,18.4,18.1,18.6,18.3,18.9,21.0,,,True,False,True,,,,,,,,,,,,False,True,22.1,23.6,27.9,28.6,16.8,21.4,18.4,23.5,34.0,23.0,24.7,29.6,21.9,20.9,,,18.5,20.5,18.5,17.7,0.076,0.0,0.0,0.0,0.0,,0.0,0.0,0.0,,False,False,,
262,2023-10-29 02:12:33,2023-10-28T23:12:33Z,27.1,28.7,18.4,18.1,18.6,18.3,18.9,21.1,,,True,False,True,,,,,,,,,,,,False,True,22.1,23.6,27.9,28.6,16.8,21.4,18.4,23.5,34.0,23.0,24.7,29.6,21.9,20.9,,,18.5,20.4,18.5,17.7,0.076,0.0,0.0,0.0,0.0,,0.0,0.0,0.0,,False,False,,
263,2023-10-29 02:13:03,2023-10-28T23:13:03Z,27.1,28.7,18.4,18.1,18.6,18.3,18.9,21.0,,,True,False,True,,,,,,,,,,,,False,True,22.1,23.6,27.9,28.6,16.8,21.4,18.4,23.5,34.0,23.0,24.7,29.6,21.9,20.9,,,18.4,20.4,18.5,17.7,0.076,0.0,0.0,0.0,0.0,,0.0,0.0,0.0,,False,False,,
264,2023-10-29 02:13:33,2023-10-28T23:13:33Z,27.1,28.7,18.4,18.1,18.6,18.3,18.9,21.1,,,True,False,True,,,,,,,,,,,,False,True,22.1,23.6,27.9,28.6,16.6,21.4,18.4,23.5,34.0,23.0,24.7,29.6,21.9,20.9,,,18.5,20.4,18.5,17.7,0.076,0.0,0.0,0.0,0.0,,0.0,0.0,0.0,,False,False,,
265,2023-10-29 02:14:04,2023-10-28T23:14:03Z,27.1,28.7,18.4,18.1,18.6,18.3,18.9,21.1,,,True,False,True,,,,,,,,,,,,False,True,22.1,23.6,27.9,28.6,16.6,21.4,18.4,23.5,34.0,23.0,24.7,29.6,21.9,20.9,,,18.5,20.4,18.5,17.7,0.076,0.0,0.0,0.0,0.0,,0.0,0.0,0.0,,False,False,,
266,2023-10-29 02:14:34,2023-10-28T23:14:34Z,27.1,28.7,18.4,18.1,18.6,18.3,18.9,21.0,,,True,False,True,,,,,,,,,,,,False,True,22.1,23.6,27.9,28.6,16.7,21.4,18.4,23.5,34.0,23.0,24.7,29.6,21.8,20.8,,,18.4,20.4,18.5,17.7,0.076,0.0,0.0,0.0,0.0,,0.0,0.0,0.0,,False,False,,
267,2023-10-29 02:15:04,2023-10-28T23:15:04Z,27.1,28.7,18.4,18.1,18.6,18.3,18.9,21.0,,,True,False,True,,,,,,,,,,,,False,True,22.1,23.6,27.9,28.6,16.6,21.4,18.4,23.5,34.0,23.0,24.7,29.6,21.8,20.8,,,18.4,20.4,18.5,17.7,0.076,0.0,0.0,0.0,0.0,,0.0,0.0,0.0,,False,False,,
268,2023-10-29 02:15:35,2023-10-28T23:15:34Z,27.1,28.7,18.4,18.1,18.6,18.2,18.9,21.0,,,True,False,True,,,,,,,,,,,,False,True,22.1,23.6,27.9,28.6,16.7,21.4,18.4,23.5,34.0,23.0,24.7,29.6,21.8,20.8,,,18.4,20.4,18.5,17.7,0.076,0.0,0.0,0.0,0.0,,0.0,0.0,0.0,,False,False,,
269,2023-10-29 02:16:05,2023-10-28T23:16:05Z,27.1,28.7,18.4,18.1,18.6,18.2,18.9,21.0,,,True,False,True,,,,,,,,,,,,False,True,22.0,23.6,27.9,28.6,16.5,21.4,18.4,23.5,34.0,23.0,24.7,29.6,21.8,20.8,,,18.4,20.4,18.5,17.7,0.076,0.0,0.0,0.0,0.0,,0.0,0.0,0.0,,False,False,,
270,2023-10-29 02:16:35,2023-10-28T23:16:35Z,27.0,28.7,18.4,18.1,18.6,18.2,18.9,21.0,,,True,False,True,,,,,,,,,,,,False,True,22.0,23.6,27.9,28.6,16.5,21.4,18.4,23.5,34.0,23.0,24.7,29.6,21.8,20.8,,,18.4,20.4,18.5,17.7,0.076,0.0,0.0,0.0,0.0,,0.0,0.0,0.0,,False,False,,
271,2023-10-29 02:17:05,2023-10-28T23:17:05Z,27.0,28.7,18.4,18.1,18.6,18.2,18.9,21.0,,,True,False,True,,,,,,,,,,,,False,True,22.0,23.6,27.9,28.6,16.6,21.4,18.4,23.5,34.0,23.0,24.7,29.6,21.8,20.8,,,18.4,20.4,18.5,17.7,0.076,0.0,0.0,0.0,0.0,,0.0,0.0,0.0,,False,False,,
272,2023-10-29 02:17:36,2023-10-28T23:17:35Z,27.0,28.7,18.4,18.1,18.6,18.2,18.9,21.0,,,True,False,True,,,,,,,,,,,,False,True,22.0,23.6,27.8,28.6,16.8,21.4,18.4,23.5,34.0,23.0,24.7,29.6,21.8,20.8,,,18.4,20.4,18.5,17.7,0.076,0.0,0.0,0.0,0.0,,0.0,0.0,0.0,,False,False,,
273,2023-10-29 02:18:06,2023-10-28T23:18:06Z,27.0,28.7,18.4,18.0,18.6,18.2,18.9,21.0,,,True,False,True,,,,,,,,,,,,False,True,22.0,23.6,27.8,28.6,16.6,21.4,18.4,23.5,34.0,23.0,24.7,29.6,21.8,20.8,,,18.4,20.4,18.5,17.7,0.076,0.0,0.0,0.0,0.0,,0.0,0.0,0.0,,False,False,,
274,2023-10-29 02:18:36,2023-10-28T23:18:36Z,27.0,28.7,18.4,18.0,18.6,18.2,18.9,21.0,,,True,False,True,,,,,,,,,,,,False,True,22.0,23.6,27.8,28.6,16.6,21.4,18.4,23.5,34.0,23.0,24.7,29.6,21.8,20.8,,,18.4,20.4,18.5,17.7,0.076,0.0,0.0,0.0,0.0,,0.0,0.0,0.0,,False,False,,
275,2023-10-29 02:19:06,2023-10-28T23:19:06Z,27.0,28.7,18.4,18.0,18.6,18.2,18.9,21.0,,,True,False,True,,,,,,,,,,,,False,True,22.0,23.6,27.8,28.6,16.7,21.4,18.4,23.5,34.0,23.0,24.7,29.6,21.8,20.8,,,18.4,20.4,18.5,17.7,0.077,0.0,0.0,0.0,0.0,,0.0,0.0,0.0,,False,False,,
276,2023-10-29 02:19:36,2023-10-28T23:19:36Z,27.0,28.7,18.4,18.0,18.6,18.2,18.9,21.0,,,True,False,True,,,,,,,,,,,,False,True,22.0,23.6,27.8,28.6,16.5,21.4,18.4,23.5,34.0,23.0,24.7,29.6,21.8,20.8,,,18.4,20.4,18.4,17.7,0.076,0.0,0.0,0.0,0.0,,0.0,0.0,0.0,,False,False,,
277,2023-10-29 02:20:07,2023-10-28T23:20:06Z,27.0,28.7,18.4,18.0,18.6,18.2,18.9,21.0,,,True,False,True,,,,,,,,,,,,False,True,22.0,23.6,27.8,28.6,16.6,21.4,18.4,23.5,34.0,23.0,24.6,29.6,21.8,20.8,,,18.4,20.4,18.4,17.7,0.076,0.0,0.0,0.0,0.0,,0.0,0.0,0.0,,False,False,,
278,2023-10-29 02:20:39,2023-10-28T23:20:37Z,27.0,28.7,18.4,18.0,18.6,18.2,18.9,21.0,,,True,False,True,,,,,,,,,,,,False,True,22.0,23.6,27.8,28.6,16.5,21.4,18.4,23.5,34.0,23.0,24.6,29.6,21.8,20.8,,,18.4,20.4,18.4,17.7,0.077,0.0,0.0,0.0,0.0,,0.0,0.0,0.0,,False,False,,
279,2023-10-29 02:21:12,2023-10-28T23:21:09Z,27.0,28.7,18.3,18.0,18.6,18.2,18.9,21.0,,,True,False,True,,,,,,,,,,,,False,True,22.0,23.6,27.8,28.6,16.5,21.4,18.4,23.5,34.0,23.0,24.6,29.6,21.8,20.8,,,18.4,20.4,18.4,17.7,0.076,0.0,0.0,0.0,0.0,,0.0,0.0,0.0,,False,False,,
280,2023-10-29 02:21:49,2023-10-28T23:21:42Z,27.0,28.7,18.3,18.0,18.6,18.2,18.9,21.0,,,True,False,True,,,,,,,,,,,,False,True,22.0,23.6,27.8,28.6,16.5,21.4,18.4,23.5,34.0,23.0,24.6,29.6,21.8,20.8,,,18.4,20.4,18.4,17.7,0.077,0.0,0.0,0.0,0.0,,0.0,0.0,0.0,,False,False,,
281,2023-10-29 02:22:22,2023-10-28T23:22:19Z,27.0,28.7,18.3,18.0,18.6,18.2,18.9,21.0,,,True,False,True,,,,,,,,,,,,False,True,22.0,23.6,27.8,28.6,16.5,21.4,18.4,23.5,34.0,23.0,24.6,29.6,21.8,20.8,,,18.4,20.4,18.4,17.6,0.076,0.0,0.0,0.0,0.0,,0.0,0.0,0.0,,False,False,,
282,2023-10-29 02:22:55,2023-10-28T23:22:52Z,27.0,28.7,18.3,18.0,18.6,18.2,18.9,21.0,,,True,False,True,,,,,,,,,,,,False,True,22.0,23.6,27.8,28.6,16.4,21.4,18.4,23.5,34.0,23.0,24.6,29.6,21.8,20.8,,,18.4,20.3,18.4,17.6,0.076,0.0,0.0,0.0,0.0,,0.0,0.0,0.0,,False,False,,
283,2023-10-29 02:23:26,2023-10-28T23:23:25Z,27.0,28.7,18.3,18.0,18.6,18.2,18.9,21.0,,,True,False,True,,,,,,,,,,,,False,True,22.0,23.6,27.8,28.6,16.5,21.4,18.4,23.5,34.0,23.0,24.6,29.6,21.8,20.8,,,18.4,20.3,18.4,17.6,0.077,0.0,0.0,0.0,0.0,,0.0,0.0,0.0,,False,False,,
284,2023-10-29 02:23:56,2023-10-28T23:23:56Z,27.0,28.7,18.3,18.0,18.6,18.2,18.8,21.0,,,True,False,True,,,,,,,,,,,,False,True,22.0,23.6,27.8,28.6,16.7,21.4,18.4,23.5,34.0,23.0,24.6,29.6,21.8,20.8,,,18.4,20.3,18.4,17.6,0.076,0.0,0.0,0.0,0.0,,0.0,0.0,0.0,,False,False,,
285,2023-10-29 02:24:26,2023-10-28T23:24:26Z,27.0,28.7,18.3,18.0,18.6,18.2,18.8,21.0,,,True,False,True,,,,,,,,,,,,False,True,22.0,23.6,27.8,28.6,16.6,21.4,18.4,23.5,34.0,23.0,24.6,29.6,21.8,20.8,,,18.4,20.3,18.4,17.6,0.076,0.0,0.0,0.0,0.0,,0.0,0.0,0.0,,False,False,,
286,2023-10-29 02:24:57,2023-10-28T23:24:56Z,27.0,28.7,18.3,18.0,18.6,18.2,18.8,21.0,,,True,False,True,,,,,,,,,,,,False,True,22.0,23.6,27.8,28.6,16.6,21.4,18.4,23.5,34.0,23.0,24.6,29.6,21.8,20.8,,,18.3,20.3,18.4,17.6,0.076,0.0,0.0,0.0,0.0,,0.0,0.0,0.0,,False,False,,
287,2023-10-29 02:25:27,2023-10-28T23:25:27Z,27.0,28.7,18.3,18.0,18.5,18.2,18.8,21.0,,,True,False,True,,,,,,,,,,,,False,True,22.0,23.6,27.8,28.5,16.5,21.4,18.4,23.5,34.0,23.0,24.6,29.6,21.8,20.8,,,18.3,20.3,18.4,17.6,0.077,0.0,0.0,0.0,0.0,,0.0,0.0,0.0,,False,False,,
288,2023-10-29 02:25:57,2023-10-28T23:25:57Z,27.0,28.7,18.3,18.0,18.5,18.2,18.8,21.0,,,True,False,True,,,,,,,,,,,,False,True,22.0,23.6,27.8,28.5,16.5,21.4,18.4,23.5,34.0,23.0,24.6,29.6,21.8,20.8,,,18.3,20.3,18.4,17.6,0.076,0.0,0.0,0.0,0.0,,0.0,0.0,0.0,,False,False,,
289,2023-10-29 02:26:27,2023-10-28T23:26:27Z,27.0,28.7,18.3,18.0,18.5,18.2,18.8,21.0,,,True,False,True,,,,,,,,,,,,False,True,22.0,23.6,27.8,28.5,16.4,21.4,18.4,23.5,34.0,23.0,24.6,29.6,21.8,20.8,,,18.3,20.3,18.4,17.6,0.076,0.0,0.0,0.0,0.0,,0.0,0.0,0.0,,False,False,,
290,2023-10-29 02:26:57,2023-10-28T23:26:57Z,27.0,28.7,18.3,18.0,18.5,18.2,18.8,21.0,,,True,False,True,,,,,,,,,,,,False,True,22.0,23.6,27.8,28.5,16.5,21.4,18.4,23.5,34.0,23.0,24.6,29.6,21.8,20.8,,,18.3,20.3,18.4,17.6,0.076,0.0,0.0,0.0,0.0,,0.0,0.0,0.0,,False,False,,
291,2023-10-29 02:27:28,2023-10-28T23:27:27Z,27.0,28.7,18.3,17.9,18.5,18.2,18.8,21.0,,,True,False,True,,,,,,,,,,,,False,True,22.0,23.6,27.8,28.5,16.4,21.4,18.4,23.5,34.0,23.0,24.6,29.6,21.8,20.8,,,18.3,20.3,18.4,17.6,0.076,0.0,0.0,0.0,0.0,,0.0,0.0,0.0,,False,False,,
292,2023-10-29 02:27:58,2023-10-28T23:27:58Z,27.0,28.7,18.3,17.9,18.5,18.2,18.8,21.0,,,True,False,True,,,,,,,,,,,,False,True,22.0,23.6,27.8,28.5,16.6,21.4,18.4,23.5,34.0,23.0,24.6,29.6,21.8,20.8,,,18.3,20.3,18.4,17.6,0.076,0.0,0.0,0.0,0.0,,0.0,0.0,0.0,,False,False,,
293,2023-10-29 02:28:28,2023-10-28T23:28:28Z,27.0,28.7,18.3,17.9,18.5,18.2,18.8,21.0,,,True,False,True,,,,,,,,,,,,False,True,22.0,23.6,27.8,28.5,16.5,21.4,18.4,23.5,34.0,23.0,24.6,29.6,21.8,20.8,,,18.3,20.3,18.4,17.6,0.076,0.0,0.0,0.0,0.0,,0.0,0.0,0.0,,False,False,,
294,2023-10-29 02:28:59,2023-10-28T23:28:58Z,27.0,28.7,18.3,17.9,18.5,18.1,18.8,21.0,,,True,False,True,,,,,,,,,,,,False,True,22.0,23.6,27.8,28.5,16.7,21.4,18.4,23.5,34.0,23.0,24.6,29.6,21.8,20.8,,,18.3,20.3,18.4,17.6,0.076,0.0,0.0,0.0,0.0,,0.0,0.0,0.0,,False,False,,
295,2023-10-29 02:29:29,2023-10-28T23:29:29Z,27.0,28.7,18.3,17.9,18.5,18.1,18.8,21.0,,,True,False,True,,,,,,,,,,,,False,True,22.0,23.6,27.8,28.5,16.5,21.4,18.4,23.5,34.0,23.0,24.6,29.6,21.8,20.8,,,18.3,20.3,18.4,17.6,0.076,0.0,0.0,0.0,0.0,,0.0,0.0,0.0,,False,False,,
296,2023-10-29 02:29:59,2023-10-28T23:29:59Z,27.0,28.7,18.3,17.9,18.5,18.1,18.8,21.0,,,True,False,True,,,,,,,,,,,,False,True,22.0,23.6,27.8,28.5,16.8,21.4,18.4,23.5,34.0,23.0,24.6,29.6,21.8,20.8,,,18.3,20.3,18.4,17.6,0.076,0.0,0.0,0.0,0.0,,0.0,0.0,0.0,,False,False,,
297,2023-10-29 02:30:30,2023-10-28T23:30:29Z,27.0,28.7,18.3,17.9,18.5,18.1,18.8,21.0,,,True,False,True,,,,,,,,,,,,False,True,22.0,23.6,27.8,28.5,16.8,21.4,18.4,23.5,34.0,23.0,24.6,29.6,21.8,20.8,,,18.3,20.3,18.3,17.6,0.076,0.0,0.0,0.0,0.0,,0.0,0.0,0.0,,False,False,,
298,2023-10-29 02:31:00,2023-10-28T23:31:00Z,27.0,28.7,18.3,17.9,18.5,18.1,18.8,21.0,,,True,False,True,,,,,,,,,,,,False,True,22.0,23.6,27.8,28.5,16.6,21.4,18.4,23.5,34.0,23.0,24.6,29.6,21.8,20.8,,,18.3,20.3,18.3,17.6,0.076,0.0,0.0,0.0,0.0,,0.0,0.0,0.0,,False,False,,
299,2023-10-29 02:31:30,2023-10-28T23:31:30Z,27.0,28.7,18.3,17.9,18.5,18.1,18.8,21.0,,,True,False,True,,,,,,,,,,,,False,True,22.0,23.6,27.8,28.5,16.7,21.4,18.4,23.5,34.0,23.0,24.6,29.6,21.8,20.8,,,18.3,20.3,18.3,17.6,0.077,0.0,0.0,0.0,0.0,,0.0,0.0,0.0,,False,False,,
300,2023-10-29 02:32:00,2023-10-28T23:32:00Z,27.0,28.7,18.3,17.9,18.5,18.1,18.8,21.0,,,True,False,True,,,,,,,,,,,,False,True,22.0,23.6,27.8,28.5,16.8,21.4,18.4,23.5,34.0,23.0,24.6,29.6,21.8,20.8,,,18.3,20.3,18.3,17.6,0.077,0.0,0.0,0.0,0.0,,0.0,0.0,0.0,,False,False,,
301,2023-10-29 02:32:30,2023-10-28T23:32:30Z,27.0,28.7,18.2,17.9,18.5,18.1,18.8,21.0,,,True,False,True,,,,,,,,,,,,False,True,22.0,23.6,27.8,28.5,16.7,21.4,18.4,23.5,34.0,23.0,24.6,29.6,21.8,20.8,,,18.3,20.3,18.3,17.5,0.077,0.0,0.0,0.0,0.0,,0.0,0.0,0.0,,False,False,,
302,2023-10-29 02:33:01,2023-10-28T23:33:00Z,27.0,28.7,18.2,17.9,18.5,18.1,18.8,21.0,,,True,False,True,,,,,,,,,,,,False,True,22.0,23.5,27.8,28.5,16.6,21.4,18.4,23.5,34.0,23.0,24.6,29.6,21.8,20.8,,,18.3,20.3,18.3,17.6,0.076,0.0,0.0,0.0,0.0,,0.0,0.0,0.0,,False,False,,
303,2023-10-29 02:33:31,2023-10-28T23:33:31Z,27.0,28.7,18.2,17.9,18.5,18.1,18.8,21.0,,,True,False,True,,,,,,,,,,,,False,True,22.0,23.5,27.8,28.5,16.6,21.4,18.4,23.5,34.0,22.9,24.6,29.6,21.8,20.8,,,18.3,20.3,18.3,17.5,0.076,0.0,0.0,0.0,0.0,,0.0,0.0,0.0,,False,False,,
304,2023-10-29 02:34:02,2023-10-28T23:34:01Z,27.0,28.7,18.2,17.9,18.5,18.1,18.8,21.0,,,True,False,True,,,,,,,,,,,,False,True,22.0,23.5,27.8,28.5,16.8,21.4,18.4,23.5,34.0,22.9,24.6,29.6,21.8,20.8,,,18.3,20.3,18.3,17.5,0.076,0.0,0.0,0.0,0.0,,0.0,0.0,0.0,,False,False,,
305,2023-10-29 02:34:32,2023-10-28T23:34:32Z,27.0,28.7,18.2,17.9,18.5,18.1,18.8,21.0,,,True,False,True,,,,,,,,,,,,False,True,22.0,23.5,27.8,28.5,16.7,21.4,18.4,23.5,34.0,22.9,24.6,29.6,21.8,20.8,,,18.3,20.2,18.3,17.5,0.076,0.0,0.0,0.0,0.0,,0.0,0.0,0.0,,False,False,,
306,2023-10-29 02:35:02,2023-10-28T23:35:02Z,27.0,28.6,18.2,17.9,18.5,18.1,18.8,21.0,,,True,False,True,,,,,,,,,,,,False,True,22.0,23.5,27.8,28.5,16.7,21.4,18.4,23.5,34.0,22.9,24.6,29.5,21.8,20.8,,,18.3,20.2,18.3,17.5,0.077,0.0,0.0,0.0,0.0,,0.0,0.0,0.0,,False,False,,
307,2023-10-29 02:35:32,2023-10-28T23:35:32Z,27.0,28.6,18.2,17.9,18.5,18.1,18.8,21.0,,,True,False,True,,,,,,,,,,,,False,True,22.0,23.5,27.8,28.5,16.7,21.4,18.4,23.5,34.0,22.9,24.6,29.5,21.8,20.8,,,18.3,20.2,18.3,17.5,0.076,0.0,0.0,0.0,0.0,,0.0,0.0,0.0,,False,False,,
308,2023-10-29 02:36:03,2023-10-28T23:36:02Z,27.0,28.6,18.2,17.9,18.5,18.1,18.8,21.0,,,True,False,True,,,,,,,,,,,,False,True,22.0,23.5,27.8,28.5,16.9,21.4,18.4,23.5,34.0,22.9,24.6,29.5,21.8,20.8,,,18.3,20.2,18.3,17.5,0.076,0.0,0.0,0.0,0.0,,0.0,0.0,0.0,,False,False,,
309,2023-10-29 02:36:33,2023-10-28T23:36:33Z,27.0,28.6,18.2,17.9,18.5,18.1,18.8,21.0,,,True,False,True,,,,,,,,,,,,False,True,22.0,23.5,27.8,28.5,16.6,21.4,18.4,23.5,34.0,22.9,24.6,29.5,21.8,20.8,,,18.3,20.2,18.3,17.5,0.077,0.0,0.0,0.0,0.0,,0.0,0.0,0.0,,False,False,,
310,2023-10-29 02:37:03,2023-10-28T23:37:03Z,27.0,28.6,18.2,17.9,18.5,18.1,18.8,21.0,,,True,False,True,,,,,,,,,,,,False,True,22.0,23.5,27.8,28.5,16.6,21.4,18.4,23.5,34.0,22.9,24.6,29.5,21.8,20.8,,,18.3,20.2,18.3,17.5,0.076,0.0,0.0,0.0,0.0,,0.0,0.0,0.0,,False,False,,
311,2023-10-29 02:37:33,2023-10-28T23:37:33Z,27.0,28.6,18.2,17.9,18.5,18.1,18.7,21.0,,,True,False,True,,,,,,,,,,,,False,True,22.0,23.5,27.8,28.5,16.7,21.4,18.4,23.5,34.0,22.9,24.6,29.5,21.8,20.8,,,18.3,20.2,18.3,17.5,0.077,0.0,0.0,0.0,0.0,,0.0,0.0,0.0,,False,False,,
312,2023-10-29 02:38:03,2023-10-28T23:38:03Z,27.0,28.6,18.2,17.9,18.5,18.1,18.7,21.0,,,True,False,True,,,,,,,,,,,,False,True,22.0,23.5,27.8,28.5,16.6,21.4,18.4,23.5,34.0,22.9,24.6,29.5,21.8,20.7,,,18.3,20.2,18.3,17.5,0.077,0.0,0.0,0.0,0.0,,0.0,0.0,0.0,,False,False,,
313,2023-10-29 02:38:33,2023-10-28T23:38:33Z,26.9,28.6,18.2,17.9,18.5,18.1,18.7,21.0,,,True,False,True,,,,,,,,,,,,False,True,21.9,23.5,27.8,28.5,16.6,21.4,18.4,23.5,34.0,22.9,24.6,29.5,21.8,20.7,,,18.3,20.2,18.3,17.5,0.076,0.0,0.0,0.0,0.0,,0.0,0.0,0.0,,False,False,,
314,2023-10-29 02:39:04,2023-10-28T23:39:04Z,26.9,28.6,18.2,17.9,18.5,18.1,18.7,21.0,,,True,False,True,,,,,,,,,,,,False,True,21.9,23.5,27.8,28.5,16.8,21.4,18.4,23.5,34.0,22.9,24.6,29.5,21.8,20.7,,,18.3,20.2,18.3,17.5,0.076,0.0,0.0,0.0,0.0,,0.0,0.0,0.0,,False,False,,
315,2023-10-29 02:39:34,2023-10-28T23:39:34Z,26.9,28.6,18.2,17.9,18.5,18.1,18.7,21.0,,,True,False,True,,,,,,,,,,,,False,True,21.9,23.5,27.8,28.5,16.7,21.4,18.4,23.5,34.0,22.9,24.6,29.5,21.8,20.7,,,18.3,20.2,18.3,17.5,0.077,0.0,0.0,0.0,0.0,,0.0,0.0,0.0,,False,False,,
316,2023-10-29 02:40:04,2023-10-28T23:40:04Z,26.9,28.6,18.2,17.9,18.5,18.1,18.7,21.0,,,True,False,True,,,,,,,,,,,,False,True,21.9,23.5,27.8,28.5,16.6,21.4,18.4,23.5,34.0,22.9,24.6,29.5,21.8,20.7,,,18.3,20.2,18.3,17.5,0.077,0.0,0.0,0.0,0.0,,0.0,0.0,0.0,,False,False,,
317,2023-10-29 02:40:34,2023-10-28T23:40:34Z,26.9,28.6,18.2,17.9,18.5,18.1,18.7,21.0,,,True,False,True,,,,,,,,,,,,False,True,21.9,23.5,27.8,28.5,16.6,21.4,18.4,23.5,34.0,22.9,24.6,29.5,21.8,20.7,,,18.3,20.2,18.3,17.5,0.076,0.0,0.0,0.0,0.0,,0.0,0.0,0.0,,False,False,,
318,2023-10-29 02:41:04,2023-10-28T23:41:04Z,26.9,28.6,18.2,17.9,18.4,18.1,18.7,21.0,,,True,False,True,,,,,,,,,,,,False,True,21.9,23.5,27.8,28.5,16.8,21.4,18.4,23.5,34.0,22.9,24.6,29.5,21.8,20.7,,,18.2,20.2,18.3,17.5,0.076,0.0,0.0,0.0,0.0,,0.0,0.0,0.0,,False,False,,
319,2023-10-29 02:41:35,2023-10-28T23:41:34Z,26.9,28.6,18.2,17.9,18.4,18.1,18.7,21.0,,,True,False,True,,,,,,,,,,,,False,True,21.9,23.5,27.8,28.5,16.7,21.4,18.4,23.5,34.0,22.9,24.6,29.5,21.8,20.7,,,18.2,20.2,18.3,17.5,0.076,0.0,0.0,0.0,0.0,,0.0,0.0,0.0,,False,False,,
320,2023-10-29 02:42:05,2023-10-28T23:42:05Z,26.9,28.6,18.2,17.9,18.4,18.1,18.7,21.0,,,True,False,True,,,,,,,,,,,,False,True,21.9,23.5,27.8,28.5,16.6,21.4,18.4,23.5,34.0,22.9,24.6,29.5,21.8,20.7,,,18.2,20.2,18.3,17.5,0.076,0.0,0.0,0.0,0.0,,0.0,0.0,0.0,,False,False,,
321,2023-10-29 02:42:35,2023-10-28T23:42:35Z,26.9,28.6,18.2,17.8,18.4,18.1,18.7,21.0,,,True,False,True,,,,,,,,,,,,False,True,21.9,23.5,27.8,28.5,16.9,21.4,18.4,23.5,34.0,22.9,24.6,29.5,21.8,20.7,,,18.2,20.2,18.2,17.5,0.076,0.0,0.0,0.0,0.0,,0.0,0.0,0.0,,False,False,,
322,2023-10-29 02:43:06,2023-10-28T23:43:05Z,26.9,28.6,18.2,17.8,18.4,18.1,18.7,21.0,,,True,False,True,,,,,,,,,,,,False,True,21.9,23.5,27.8,28.5,16.7,21.4,18.4,23.5,34.0,22.9,24.6,29.5,21.8,20.7,,,18.2,20.2,18.2,17.5,0.076,0.0,0.0,0.0,0.0,,0.0,0.0,0.0,,False,False,,
323,2023-10-29 02:43:36,2023-10-28T23:43:36Z,26.9,28.6,18.2,17.8,18.4,18.1,18.7,21.0,,,True,False,True,,,,,,,,,,,,False,True,21.9,23.5,27.7,28.5,16.7,21.4,18.4,23.5,34.0,22.9,24.6,29.5,21.8,20.7,,,18.2,20.2,18.2,17.5,0.076,0.0,0.0,0.0,0.0,,0.0,0.0,0.0,,False,False,,
324,2023-10-29 02:44:06,2023-10-28T23:44:06Z,26.9,28.6,18.2,17.8,18.4,18.1,18.7,21.0,,,True,False,True,,,,,,,,,,,,False,True,21.9,23.5,27.7,28.5,16.7,21.4,18.4,23.5,34.0,22.9,24.6,29.5,21.8,20.7,,,18.2,20.2,18.2,17.5,0.076,0.0,0.0,0.0,0.0,,0.0,0.0,0.0,,False,False,,
325,2023-10-29 02:44:36,2023-10-28T23:44:36Z,26.9,28.6,18.2,17.8,18.4,18.1,18.7,21.0,,,True,False,True,,,,,,,,,,,,False,True,21.9,23.5,27.7,28.5,16.7,21.4,18.4,23.5,34.0,22.9,24.6,29.5,21.8,20.7,,,18.2,20.2,18.2,17.5,0.077,0.0,0.0,0.0,0.0,,0.0,0.0,0.0,,False,False,,
326,2023-10-29 02:45:06,2023-10-28T23:45:06Z,26.9,28.6,18.2,17.8,18.4,18.0,18.7,21.0,,,True,False,True,,,,,,,,,,,,False,True,21.9,23.5,27.7,28.5,16.7,21.4,18.4,23.5,34.0,22.9,24.6,29.5,21.8,20.7,,,18.2,20.2,18.2,17.5,0.076,0.0,0.0,0.0,0.0,,0.0,0.0,0.0,,False,False,,
327,2023-10-29 02:45:37,2023-10-28T23:45:36Z,26.9,28.6,18.2,17.8,18.4,18.1,18.7,21.0,,,True,False,True,,,,,,,,,,,,False,True,21.9,23.5,27.7,28.5,16.9,21.4,18.4,23.5,34.0,22.9,24.6,29.5,21.8,20.7,,,18.2,20.2,18.2,17.5,0.077,0.0,0.0,0.0,0.0,,0.0,0.0,0.0,,False,False,,
328,2023-10-29 02:46:07,2023-10-28T23:46:07Z,26.9,28.6,18.1,17.8,18.4,18.0,18.7,21.0,,,True,False,True,,,,,,,,,,,,False,True,21.9,23.5,27.7,28.5,16.8,21.4,18.4,23.5,34.0,22.9,24.6,29.5,21.8,20.7,,,18.2,20.1,18.2,17.5,0.076,0.0,0.0,0.0,0.0,,0.0,0.0,0.0,,False,False,,
329,2023-10-29 02:46:37,2023-10-28T23:46:37Z,26.9,28.6,18.1,17.8,18.4,18.0,18.7,21.0,,,True,False,True,,,,,,,,,,,,False,True,21.9,23.5,27.7,28.5,16.9,21.4,18.4,23.5,34.0,22.9,24.5,29.5,21.8,20.7,,,18.2,20.1,18.2,17.4,0.076,0.0,0.0,0.0,0.0,,0.0,0.0,0.0,,False,False,,
330,2023-10-29 02:47:07,2023-10-28T23:47:07Z,26.9,28.6,18.1,17.8,18.4,18.0,18.7,21.0,,,True,False,True,,,,,,,,,,,,False,True,21.9,23.5,27.7,28.5,16.9,21.4,18.4,23.5,34.0,22.9,24.5,29.5,21.8,20.7,,,18.2,20.2,18.2,17.4,0.076,0.0,0.0,0.0,0.0,,0.0,0.0,0.0,,False,False,,
331,2023-10-29 02:47:37,2023-10-28T23:47:37Z,26.9,28.6,18.1,17.8,18.4,18.0,18.7,21.0,,,True,False,True,,,,,,,,,,,,False,True,21.9,23.5,27.7,28.5,16.7,21.4,18.4,23.5,34.0,22.9,24.5,29.5,21.8,20.7,,,18.2,20.1,18.2,17.4,0.076,0.0,0.0,0.0,0.0,,0.0,0.0,0.0,,False,False,,
332,2023-10-29 02:48:07,2023-10-28T23:48:07Z,26.9,28.6,18.1,17.8,18.4,18.0,18.7,21.0,,,True,False,True,,,,,,,,,,,,False,True,21.9,23.5,27.7,28.5,16.9,21.4,18.4,23.5,34.0,22.9,24.5,29.5,21.8,20.7,,,18.2,20.1,18.2,17.4,0.076,0.0,0.0,0.0,0.0,,0.0,0.0,0.0,,False,False,,
333,2023-10-29 02:48:38,2023-10-28T23:48:37Z,26.9,28.6,18.1,17.8,18.4,18.0,18.7,21.0,,,True,False,True,,,,,,,,,,,,False,True,21.9,23.5,27.7,28.5,16.9,21.4,18.4,23.5,34.0,22.9,24.5,29.5,21.8,20.7,,,18.2,20.1,18.2,17.4,0.076,0.0,0.0,0.0,0.0,,0.0,0.0,0.0,,False,False,,
334,2023-10-29 02:49:08,2023-10-28T23:49:08Z,26.9,28.6,18.1,17.8,18.4,18.0,18.7,21.0,,,True,False,True,,,,,,,,,,,,False,True,21.9,23.5,27.7,28.5,16.8,21.4,18.4,23.5,34.0,22.9,24.5,29.5,21.8,20.7,,,18.2,20.1,18.2,17.4,0.076,0.0,0.0,0.0,0.0,,0.0,0.0,0.0,,False,False,,
335,2023-10-29 02:49:38,2023-10-28T23:49:38Z,26.9,28.6,18.1,17.8,18.4,18.0,18.7,21.0,,,True,False,True,,,,,,,,,,,,False,True,21.9,23.5,27.7,28.5,17.0,21.4,18.4,23.5,34.0,22.9,24.5,29.5,21.8,20.7,,,18.2,20.1,18.2,17.4,0.076,0.0,0.0,0.0,0.0,,0.0,0.0,0.0,,False,False,,
336,2023-10-29 02:50:09,2023-10-28T23:50:08Z,26.9,28.6,18.1,17.8,18.4,18.0,18.7,21.0,,,True,False,True,,,,,,,,,,,,False,True,21.9,23.5,27.7,28.5,16.9,21.4,18.4,23.5,34.0,22.9,24.5,29.5,21.8,20.7,,,18.2,20.1,18.2,17.4,0.077,0.0,0.0,0.0,0.0,,0.0,0.0,0.0,,False,False,,
337,2023-10-29 02:50:39,2023-10-28T23:50:39Z,26.9,28.6,18.1,17.8,18.4,18.0,18.7,21.0,,,True,False,True,,,,,,,,,,,,False,True,21.9,23.5,27.7,28.5,16.7,21.4,18.4,23.5,34.0,22.9,24.5,29.5,21.8,20.7,,,18.2,20.1,18.2,17.4,0.077,0.0,0.0,0.0,0.0,,0.0,0.0,0.0,,False,False,,
338,2023-10-29 02:51:09,2023-10-28T23:51:09Z,26.9,28.6,18.1,17.8,18.4,18.0,18.7,21.0,,,True,False,True,,,,,,,,,,,,False,True,21.9,23.5,27.7,28.4,16.9,21.4,18.4,23.5,34.0,22.9,24.5,29.5,21.8,20.7,,,18.2,20.1,18.2,17.4,0.076,0.0,0.0,0.0,0.0,,0.0,0.0,0.0,,False,False,,
339,2023-10-29 02:51:39,2023-10-28T23:51:39Z,26.9,28.6,18.1,17.8,18.4,18.0,18.7,21.0,,,True,False,True,,,,,,,,,,,,False,True,21.9,23.5,27.7,28.4,16.7,21.4,18.4,23.5,34.0,22.9,24.5,29.5,21.8,20.7,,,18.2,20.1,18.2,17.4,0.077,0.0,0.0,0.0,0.0,,0.0,0.0,0.0,,False,False,,
340,2023-10-29 02:52:12,2023-10-28T23:52:09Z,26.9,28.6,18.1,17.8,18.4,18.0,18.7,21.0,,,True,False,True,,,,,,,,,,,,False,True,21.9,23.5,27.7,28.4,16.9,21.4,18.4,23.5,34.0,22.9,24.5,29.5,21.8,20.7,,,18.2,20.1,18.2,17.4,0.077,0.0,0.0,0.0,0.0,,0.0,0.0,0.0,,False,False,,
341,2023-10-29 02:52:43,2023-10-28T23:52:42Z,26.9,28.6,18.1,17.8,18.4,18.0,18.7,21.0,,,True,False,True,,,,,,,,,,,,False,True,21.9,23.5,27.7,28.4,16.7,21.4,18.4,23.5,34.0,22.9,24.5,29.5,21.8,20.7,,,18.2,20.1,18.2,17.4,0.077,0.0,0.0,0.0,0.0,,0.0,0.0,0.0,,False,False,,
342,2023-10-29 02:53:15,2023-10-28T23:53:13Z,26.9,28.6,18.1,17.8,18.4,18.0,18.7,21.0,,,True,False,True,,,,,,,,,,,,False,True,21.9,23.5,27.7,28.4,16.8,21.4,18.4,23.5,34.0,22.9,24.5,29.5,21.8,20.7,,,18.2,20.1,18.2,17.4,0.077,0.0,0.0,0.0,0.0,,0.0,0.0,0.0,,False,False,,
343,2023-10-29 02:53:48,2023-10-28T23:53:46Z,26.9,28.6,18.1,17.8,18.4,18.0,18.6,21.0,,,True,False,True,,,,,,,,,,,,False,True,21.9,23.5,27.7,28.4,16.7,21.4,18.4,23.5,34.0,22.9,24.5,29.5,21.8,20.7,,,18.2,20.1,18.2,17.4,0.076,0.0,0.0,0.0,0.0,,0.0,0.0,0.0,,False,False,,
344,2023-10-29 02:54:18,2023-10-28T23:54:18Z,26.9,28.6,18.1,17.8,18.4,18.0,18.6,21.0,,,True,False,True,,,,,,,,,,,,False,True,21.9,23.5,27.7,28.4,16.6,21.4,18.4,23.5,34.0,22.9,24.5,29.5,21.8,20.7,,,18.2,20.1,18.2,17.4,0.076,0.0,0.0,0.0,0.0,,0.0,0.0,0.0,,False,False,,
345,2023-10-29 02:54:49,2023-10-28T23:54:48Z,26.9,28.6,18.1,17.8,18.4,18.0,18.6,21.0,,,True,False,True,,,,,,,,,,,,False,True,21.9,23.5,27.7,28.4,16.7,21.4,18.4,23.5,34.0,22.9,24.5,29.5,21.8,20.7,,,18.2,20.1,18.2,17.4,0.077,0.0,0.0,0.0,0.0,,0.0,0.0,0.0,,False,False,,
346,2023-10-29 02:55:19,2023-10-28T23:55:19Z,26.9,28.6,18.1,17.8,18.4,18.0,18.6,21.0,,,True,False,True,,,,,,,,,,,,False,True,21.9,23.5,27.7,28.4,16.9,21.4,18.4,23.5,34.0,22.9,24.5,29.5,21.8,20.7,,,18.2,20.1,18.2,17.4,0.076,0.0,0.0,0.0,0.0,,0.0,0.0,0.0,,False,False,,
347,2023-10-29 02:55:49,2023-10-28T23:55:49Z,26.9,28.6,18.1,17.8,18.4,18.0,18.6,21.0,,,True,False,True,,,,,,,,,,,,False,True,21.9,23.5,27.7,28.4,16.9,21.4,18.4,23.5,34.0,22.9,24.5,29.5,21.8,20.7,,,18.2,20.1,18.2,17.4,0.076,0.0,0.0,0.0,0.0,,0.0,0.0,0.0,,False,False,,
348,2023-10-29 02:56:19,2023-10-28T23:56:19Z,26.9,28.6,18.1,17.8,18.4,18.0,18.6,21.0,,,True,False,True,,,,,,,,,,,,False,True,21.9,23.5,27.7,28.4,16.8,21.4,18.4,23.5,34.0,22.9,24.5,29.5,21.8,20.7,,,18.2,20.1,18.2,17.4,0.076,0.0,0.0,0.0,0.0,,0.0,0.0,0.0,,False,False,,
349,2023-10-29 02:56:49,2023-10-28T23:56:49Z,26.9,28.6,18.1,17.8,18.4,18.0,18.6,21.0,,,True,False,True,,,,,,,,,,,,False,True,21.9,23.5,27.7,28.4,17.0,21.4,18.4,23.5,34.0,22.9,24.5,29.5,21.8,20.7,,,18.2,20.1,18.1,17.4,0.076,0.0,0.0,0.0,0.0,,0.0,0.0,0.0,,False,False,,
350,2023-10-29 02:57:20,2023-10-28T23:57:19Z,26.9,28.6,18.1,17.8,18.4,18.0,18.6,21.0,,,True,False,True,,,,,,,,,,,,False,True,21.9,23.5,27.7,28.4,16.9,21.4,18.4,23.5,34.0,22.9,24.5,29.5,21.8,20.7,,,18.2,20.1,18.1,17.4,0.076,0.0,0.0,0.0,0.0,,0.0,0.0,0.0,,False,False,,
351,2023-10-29 02:57:50,2023-10-28T23:57:50Z,26.9,28.6,18.1,17.8,18.4,18.0,18.6,21.0,,,True,False,True,,,,,,,,,,,,False,True,21.9,23.5,27.7,28.4,16.8,21.4,18.4,23.5,34.0,22.9,24.5,29.5,21.8,20.7,,,18.2,20.1,18.1,17.4,0.076,0.0,0.0,0.0,0.0,,0.0,0.0,0.0,,False,False,,
352,2023-10-29 02:58:21,2023-10-28T23:58:20Z,26.9,28.6,18.1,17.8,18.4,18.0,18.6,21.0,,,True,False,True,,,,,,,,,,,,False,True,21.9,23.4,27.7,28.4,16.9,21.4,18.4,23.5,34.0,22.9,24.5,29.5,21.8,20.7,,,18.2,20.1,18.1,17.4,0.077,0.0,0.0,0.0,0.0,,0.0,0.0,0.0,,False,False,,
353,2023-10-29 02:58:51,2023-10-28T23:58:51Z,26.9,28.6,18.1,17.8,18.4,18.0,18.6,21.0,,,True,False,True,,,,,,,,,,,,False,True,21.9,23.4,27.7,28.4,17.0,21.4,18.4,23.5,34.0,22.9,24.5,29.5,21.8,20.7,,,18.2,20.1,18.1,17.4,0.077,0.0,0.0,0.0,0.0,,0.0,0.0,0.0,,False,False,,
354,2023-10-29 02:59:21,2023-10-28T23:59:21Z,26.9,28.6,18.1,17.8,18.4,18.0,18.6,21.0,,,True,False,True,,,,,,,,,,,,False,True,21.9,23.4,27.7,28.4,17.0,21.4,18.4,23.5,34.0,22.9,24.5,29.5,21.8,20.7,,,18.2,20.1,18.1,17.4,0.077,0.0,0.0,0.0,0.0,,0.0,0.0,0.0,,False,False,,
355,2023-10-29 02:59:51,2023-10-28T23:59:51Z,26.9,28.6,18.1,17.8,18.4,18.0,18.6,21.0,,,True,False,True,,,,,,,,,,,,False,True,21.9,23.4,27.7,28.4,17.1,21.4,18.4,23.5,34.0,22.9,24.5,29.5,21.8,20.7,,,18.2,20.1,18.1,17.3,0.077,0.0,0.0,0.0,0.0,,0.0,0.0,0.0,,False,False,,
356,2023-10-29 03:00:21,2023-10-29T00:00:21Z,26.9,28.6,18.1,17.8,18.4,18.0,18.6,21.0,,,True,False,True,,,,,,,,,,,,False,True,21.9,23.4,27.7,28.4,17.2,21.4,18.4,23.5,34.0,22.9,24.5,29.5,21.8,20.7,,,18.2,20.1,18.1,17.3,0.077,0.0,0.0,0.0,0.0,,0.0,0.0,0.0,,False,False,,
357,2023-10-29 03:00:52,2023-10-29T00:00:51Z,26.9,28.6,18.1,17.8,18.4,18.0,18.6,21.0,,,True,False,True,,,,,,,,,,,,False,True,21.9,23.4,27.7,28.4,17.1,21.4,18.4,23.5,34.0,22.9,24.5,29.5,21.8,20.7,,,18.2,20.1,18.1,17.3,0.077,0.0,0.0,0.0,0.0,,0.0,0.0,0.0,,False,False,,
358,2023-10-29 03:01:22,2023-10-29T00:01:22Z,26.9,28.6,18.1,17.8,18.3,18.0,18.6,21.0,,,True,False,True,,,,,,,,,,,,False,True,21.9,23.4,27.7,28.4,17.1,21.4,18.4,23.5,34.0,22.9,24.5,29.5,21.8,20.7,,,18.2,20.1,18.1,17.3,0.077,0.0,0.0,0.0,0.0,,0.0,0.0,0.0,,False,False,,
359,2023-10-29 03:01:52,2023-10-29T00:01:52Z,26.9,28.6,18.1,17.8,18.3,18.0,18.6,21.0,,,True,False,True,,,,,,,,,,,,False,True,21.8,23.4,27.7,28.4,17.2,21.4,18.4,23.5,34.0,22.9,24.5,29.5,21.8,20.7,,,18.2,20.0,18.1,17.3,0.077,0.0,0.0,0.0,0.0,,0.0,0.0,0.0,,False,False,,
360,2023-10-29 03:02:22,2023-10-29T00:02:22Z,26.9,28.5,18.1,17.8,18.3,18.0,18.6,21.0,,,True,False,True,,,,,,,,,,,,False,True,21.8,23.4,27.7,28.4,17.1,21.4,18.4,23.5,34.0,22.9,24.5,29.5,21.8,20.7,,,18.2,20.0,18.1,17.3,0.077,0.0,0.0,0.0,0.0,,0.0,0.0,0.0,,False,False,,
361,2023-10-29 03:02:53,2023-10-29T00:02:52Z,26.9,28.5,18.1,17.8,18.3,18.0,18.6,21.0,,,True,False,True,,,,,,,,,,,,False,True,21.8,23.4,27.7,28.4,17.1,21.4,18.4,23.5,34.0,22.9,24.5,29.5,21.8,20.7,,,18.2,20.0,18.1,17.3,0.077,0.0,0.0,0.0,0.0,,0.0,0.0,0.0,,False,False,,
362,2023-10-29 03:03:24,2023-10-29T00:03:23Z,26.8,28.5,18.1,17.8,18.3,18.0,18.6,21.0,,,True,False,True,,,,,,,,,,,,False,True,21.8,23.4,27.7,28.4,17.2,21.4,18.4,23.5,34.0,22.9,24.5,29.5,21.8,20.7,,,18.2,20.0,18.1,17.3,0.077,0.0,0.0,0.0,0.0,,0.0,0.0,0.0,,False,False,,
363,2023-10-29 03:03:54,2023-10-29T00:03:54Z,26.8,28.5,18.1,17.8,18.3,18.0,18.6,21.0,,,True,False,True,,,,,,,,,,,,False,True,21.8,23.4,27.7,28.4,17.4,21.4,18.4,23.5,34.0,22.9,24.5,29.5,21.8,20.7,,,18.1,20.0,18.1,17.3,0.077,0.0,0.0,0.0,0.0,,0.0,0.0,0.0,,False,False,,
364,2023-10-29 03:04:25,2023-10-29T00:04:25Z,26.8,28.5,18.1,17.8,18.3,18.0,18.6,21.0,,,True,False,True,,,,,,,,,,,,False,True,21.8,23.4,27.7,28.4,17.5,21.4,18.4,23.5,34.0,22.9,24.5,29.5,21.8,20.7,,,18.2,20.0,18.1,17.3,0.077,0.0,0.0,0.0,0.0,,0.0,0.0,0.0,,False,False,,
365,2023-10-29 03:04:55,2023-10-29T00:04:55Z,26.8,28.5,18.1,17.8,18.3,18.0,18.6,21.0,,,True,False,True,,,,,,,,,,,,False,True,21.8,23.4,27.7,28.4,17.5,21.4,18.4,23.5,34.0,22.9,24.5,29.5,21.8,20.7,,,18.1,20.0,18.1,17.3,0.077,0.0,0.0,0.0,0.0,,0.0,0.0,0.0,,False,False,,
366,2023-10-29 03:05:26,2023-10-29T00:05:25Z,26.8,28.5,18.1,17.8,18.3,18.0,18.6,21.0,,,True,False,True,,,,,,,,,,,,False,True,21.8,23.4,27.7,28.4,17.5,21.4,18.4,23.5,33.9,22.9,24.5,29.5,21.8,20.7,,,18.2,20.0,18.1,17.3,0.077,0.0,0.0,0.0,0.0,,0.0,0.0,0.0,,False,False,,
367,2023-10-29 03:05:56,2023-10-29T00:05:56Z,26.8,28.5,18.1,17.8,18.3,18.0,18.6,21.0,,,True,False,True,,,,,,,,,,,,False,True,21.8,23.4,27.7,28.4,17.7,21.4,18.4,23.5,34.0,22.9,24.5,29.5,21.8,20.7,,,18.1,20.0,18.1,17.3,0.077,0.0,0.0,0.0,0.0,,0.0,0.0,0.0,,False,False,,
368,2023-10-29 03:06:26,2023-10-29T00:06:26Z,26.8,28.5,18.1,17.8,18.3,18.0,18.6,21.0,,,True,False,True,,,,,,,,,,,,False,True,21.8,23.4,27.7,28.4,17.5,21.4,18.4,23.5,33.9,22.9,24.5,29.4,21.8,20.7,,,18.1,20.0,18.1,17.3,0.077,0.0,0.0,0.0,0.0,,0.0,0.0,0.0,,False,False,,
369,2023-10-29 03:06:57,2023-10-29T00:06:57Z,26.8,28.5,18.1,17.8,18.3,18.0,18.6,21.0,,,True,False,True,,,,,,,,,,,,False,True,21.8,23.4,27.7,28.4,17.4,21.4,18.4,23.5,33.9,22.9,24.5,29.4,21.8,20.7,,,18.1,20.0,18.1,17.3,0.077,0.0,0.0,0.0,0.0,,0.0,0.0,0.001,,False,False,,
370,2023-10-29 03:07:27,2023-10-29T00:07:27Z,26.8,28.5,18.1,17.8,18.3,18.0,18.6,21.0,,,True,False,True,,,,,,,,,,,,False,True,21.8,23.4,27.7,28.4,17.5,21.4,18.4,23.5,33.9,22.9,24.5,29.4,21.8,20.7,,,18.1,20.0,18.1,17.3,0.077,0.0,0.0,0.0,0.0,,0.0,0.0,0.0,,False,False,,
371,2023-10-29 03:07:57,2023-10-29T00:07:57Z,26.8,28.5,18.1,17.8,18.3,18.0,18.6,21.0,,,True,False,True,,,,,,,,,,,,False,True,21.8,23.4,27.7,28.4,17.7,21.4,18.4,23.5,33.9,22.9,24.5,29.4,21.8,20.7,,,18.1,20.0,18.1,17.3,0.077,0.0,0.0,0.0,0.0,,0.0,0.0,0.0,,False,False,,
372,2023-10-29 03:08:27,2023-10-29T00:08:27Z,26.8,28.5,18.1,17.8,18.3,18.0,18.6,21.0,,,True,False,True,,,,,,,,,,,,False,True,21.8,23.4,27.7,28.4,17.6,21.4,18.4,23.5,33.9,22.9,24.5,29.4,21.8,20.7,,,18.2,20.0,18.1,17.3,0.077,0.0,0.0,0.0,0.0,,0.0,0.0,0.0,,False,False,,
373,2023-10-29 03:08:57,2023-10-29T00:08:57Z,26.8,28.5,18.1,17.8,18.3,18.0,18.6,21.0,,,True,False,True,,,,,,,,,,,,False,True,21.8,23.4,27.7,28.4,17.8,21.4,18.4,23.5,33.9,22.9,24.5,29.4,21.8,20.7,,,18.1,20.0,18.1,17.3,0.077,0.0,0.0,0.0,0.0,,0.0,0.0,0.0,,False,False,,
374,2023-10-29 03:09:28,2023-10-29T00:09:27Z,26.8,28.5,18.0,17.8,18.3,18.0,18.6,21.0,,,True,False,True,,,,,,,,,,,,False,True,21.8,23.4,27.7,28.4,17.8,21.4,18.4,23.5,33.9,22.9,24.5,29.4,21.8,20.7,,,18.2,20.0,18.1,17.3,0.076,0.0,0.0,0.0,0.0,,0.0,0.0,0.0,,False,False,,
375,2023-10-29 03:09:58,2023-10-29T00:09:58Z,26.8,28.5,18.1,17.8,18.3,17.9,18.6,21.0,,,True,False,True,,,,,,,,,,,,False,True,21.8,23.4,27.7,28.4,17.7,21.4,18.4,23.5,33.9,22.9,24.5,29.4,21.8,20.7,,,18.1,20.0,18.1,17.3,0.077,0.0,0.0,0.0,0.0,,0.0,0.0,0.0,,False,False,,
376,2023-10-29 03:10:28,2023-10-29T00:10:28Z,26.8,28.5,18.1,17.8,18.3,17.9,18.6,21.0,,,True,False,True,,,,,,,,,,,,False,True,21.8,23.4,27.6,28.4,17.6,21.4,18.4,23.5,33.9,22.9,24.5,29.4,21.8,20.7,,,18.1,20.0,18.1,17.3,0.077,0.0,0.0,0.0,0.0,,0.0,0.0,0.0,,False,False,,
377,2023-10-29 03:10:58,2023-10-29T00:10:58Z,26.8,28.5,18.1,17.8,18.3,17.9,18.6,21.0,,,True,False,True,,,,,,,,,,,,False,True,21.8,23.4,27.6,28.4,17.5,21.4,18.4,23.5,33.9,22.9,24.5,29.4,21.8,20.7,,,18.1,20.0,18.1,17.3,0.077,0.0,0.0,0.0,0.0,,0.0,0.0,0.0,,False,False,,
378,2023-10-29 03:11:28,2023-10-29T00:11:28Z,26.8,28.5,18.0,17.8,18.3,18.0,18.6,21.0,,,True,False,True,,,,,,,,,,,,False,True,21.8,23.4,27.6,28.4,17.2,21.4,18.4,23.5,33.9,22.9,24.5,29.4,21.8,20.7,,,18.1,20.0,18.1,17.3,0.076,0.0,0.0,0.0,0.0,,0.0,0.0,2.1,,False,False,,
379,2023-10-29 03:11:59,2023-10-29T00:11:59Z,26.8,28.5,18.0,17.8,18.3,17.9,18.6,21.0,,,True,False,True,,,,,,,,,,,,False,True,21.8,23.4,27.6,28.4,17.2,21.4,18.4,23.5,33.9,22.9,24.5,29.4,21.8,20.7,,,18.1,20.0,18.1,17.3,0.077,0.0,0.0,0.0,0.0,,0.0,0.0,0.0,,False,False,,
380,2023-10-29 03:12:29,2023-10-29T00:12:29Z,26.8,28.5,18.0,17.8,18.3,17.9,18.6,21.0,,,True,False,True,,,,,,,,,,,,False,True,21.8,23.4,27.6,28.4,17.2,21.4,18.4,23.5,33.9,22.9,24.5,29.4,21.8,20.7,,,18.2,20.0,18.1,17.3,0.077,0.0,0.0,0.0,0.0,,0.0,0.0,0.0,,False,False,,
381,2023-10-29 03:12:59,2023-10-29T00:12:59Z,26.8,28.5,18.0,17.8,18.3,17.9,18.6,21.0,,,True,False,True,,,,,,,,,,,,False,True,21.8,23.4,27.6,28.4,17.3,21.4,18.4,23.5,33.9,22.9,24.5,29.4,21.8,20.7,,,18.1,20.0,18.1,17.3,0.077,0.0,0.0,0.0,0.0,,0.0,0.0,0.0,,False,False,,
382,2023-10-29 03:13:29,2023-10-29T00:13:29Z,26.8,28.5,18.0,17.8,18.3,17.9,18.6,21.0,,,True,False,True,,,,,,,,,,,,False,True,21.8,23.4,27.6,28.4,17.5,21.4,18.4,23.5,33.9,22.9,24.4,29.4,21.8,20.7,,,18.2,20.0,18.0,17.3,0.076,0.0,0.0,0.0,0.0,,0.0,0.0,0.0,,False,False,,
383,2023-10-29 03:13:59,2023-10-29T00:13:59Z,26.8,28.5,18.0,17.8,18.3,17.9,18.6,21.0,,,True,False,True,,,,,,,,,,,,False,True,21.8,23.4,27.6,28.4,17.8,21.4,18.4,23.5,33.9,22.9,24.4,29.4,21.8,20.7,,,18.2,20.0,18.0,17.3,0.077,0.0,0.0,0.0,0.0,,0.0,0.0,0.0,,False,False,,
384,2023-10-29 03:14:31,2023-10-29T00:14:30Z,26.8,28.5,18.0,17.8,18.3,17.9,18.6,21.0,,,True,False,True,,,,,,,,,,,,False,True,21.8,23.4,27.6,28.4,17.6,21.4,18.4,23.5,33.9,22.9,24.4,29.4,21.8,20.7,,,18.2,20.0,18.0,17.3,0.077,0.0,0.0,0.0,0.0,,0.0,0.0,0.0,,False,False,,
385,2023-10-29 03:15:02,2023-10-29T00:15:01Z,26.8,28.5,18.0,17.8,18.3,17.9,18.6,21.0,,,True,False,True,,,,,,,,,,,,False,True,21.8,23.4,27.6,28.4,17.4,21.4,18.4,23.5,33.9,22.9,24.4,29.4,21.8,20.7,,,18.1,20.0,18.0,17.3,0.077,0.0,0.0,0.0,0.0,,0.0,0.0,0.0,,False,False,,
386,2023-10-29 03:15:32,2023-10-29T00:15:32Z,26.8,28.5,18.0,17.8,18.3,17.9,18.6,21.0,,,True,False,True,,,,,,,,,,,,False,True,21.8,23.4,27.6,28.4,17.8,21.4,18.4,23.5,33.9,22.9,24.4,29.4,21.8,20.7,,,18.1,20.0,18.0,17.3,0.077,0.0,0.0,0.0,0.0,,0.0,0.0,0.0,,False,False,,
387,2023-10-29 03:16:02,2023-10-29T00:16:02Z,26.8,28.5,18.0,17.8,18.3,17.9,18.6,21.0,,,True,False,True,,,,,,,,,,,,False,True,21.8,23.4,27.6,28.4,17.7,21.4,18.4,23.5,33.9,22.9,24.4,29.4,21.8,20.7,,,18.2,20.0,18.0,17.3,0.077,0.0,0.0,0.0,0.0,,0.0,0.0,0.0,,False,False,,
388,2023-10-29 03:16:32,2023-10-29T00:16:32Z,26.8,28.5,18.0,17.8,18.3,17.9,18.6,21.0,,,True,False,True,,,,,,,,,,,,False,True,21.8,23.4,27.6,28.4,17.9,21.4,18.4,23.5,33.9,22.9,24.4,29.4,21.8,20.7,,,18.2,20.0,18.0,17.3,0.077,0.0,0.0,0.0,0.0,,0.0,0.0,0.0,,False,False,,
389,2023-10-29 03:17:03,2023-10-29T00:17:03Z,26.8,28.5,18.0,17.8,18.3,17.9,18.6,21.0,,,True,False,True,,,,,,,,,,,,False,True,21.8,23.4,27.6,28.4,17.9,21.4,18.4,23.5,33.9,22.9,24.4,29.4,21.8,20.7,,,18.2,20.0,18.0,17.3,0.077,0.0,0.0,0.0,0.0,,0.0,0.0,0.0,,False,False,,
390,2023-10-29 03:17:34,2023-10-29T00:17:33Z,26.8,28.5,18.0,17.8,18.3,17.9,18.6,21.0,,,True,False,True,,,,,,,,,,,,False,True,21.8,23.4,27.6,28.4,17.9,21.4,18.4,23.5,33.9,22.9,24.4,29.4,21.8,20.7,,,18.1,20.0,18.0,17.3,0.077,0.0,0.0,0.0,0.0,,0.0,0.0,0.0,,False,False,,
391,2023-10-29 03:18:04,2023-10-29T00:18:04Z,26.8,28.5,18.0,17.8,18.3,17.9,18.6,21.0,,,True,False,True,,,,,,,,,,,,False,True,21.8,23.4,27.6,28.3,17.7,21.4,18.4,23.5,33.9,22.9,24.4,29.4,21.8,20.7,,,18.1,19.9,18.0,17.3,0.077,0.0,0.0,0.0,0.0,,0.0,0.0,0.0,,False,False,,
392,2023-10-29 03:18:34,2023-10-29T00:18:34Z,26.8,28.5,18.0,17.8,18.3,17.9,18.6,21.0,,,True,False,True,,,,,,,,,,,,False,True,21.8,23.4,27.6,28.3,17.7,21.4,18.4,23.5,33.9,22.9,24.4,29.4,21.8,20.7,,,18.2,19.9,18.0,17.3,0.077,0.0,0.0,0.0,0.0,,0.0,0.0,0.0,,False,False,,
393,2023-10-29 03:19:04,2023-10-29T00:19:04Z,26.8,28.5,18.0,17.8,18.3,17.9,18.6,21.0,,,True,False,True,,,,,,,,,,,,False,True,21.8,23.4,27.6,28.3,17.7,21.4,18.4,23.5,33.9,22.9,24.4,29.4,21.8,20.7,,,18.2,19.9,18.0,17.3,0.077,0.0,0.0,0.0,0.0,,0.0,0.0,0.0,,False,False,,
394,2023-10-29 03:19:35,2023-10-29T00:19:34Z,26.8,28.5,18.0,17.8,18.3,17.9,18.6,21.0,,,True,False,True,,,,,,,,,,,,False,True,21.8,23.4,27.6,28.3,17.8,21.4,18.4,23.5,33.9,22.9,24.4,29.4,21.8,20.7,,,18.1,19.9,18.0,17.2,0.077,0.0,0.0,0.0,0.0,,0.0,0.0,0.0,,False,False,,
395,2023-10-29 03:20:05,2023-10-29T00:20:05Z,26.8,28.5,18.0,17.8,18.3,17.9,18.6,21.0,,,True,False,True,,,,,,,,,,,,False,True,21.8,23.4,27.6,28.3,17.6,21.4,18.4,23.5,33.9,22.9,24.4,29.4,21.8,20.7,,,18.1,19.9,18.0,17.2,0.077,0.0,0.0,0.0,0.0,,0.0,0.0,0.0,,False,False,,
396,2023-10-29 03:20:35,2023-10-29T00:20:35Z,26.8,28.5,18.0,17.8,18.3,17.9,18.6,21.0,,,True,False,True,,,,,,,,,,,,False,True,21.8,23.4,27.6,28.3,17.6,21.4,18.4,23.5,33.9,22.9,24.4,29.4,21.8,20.7,,,18.1,19.9,18.0,17.2,0.078,0.0,0.0,0.0,0.0,,0.0,0.0,0.0,,False,False,,
397,2023-10-29 03:21:05,2023-10-29T00:21:05Z,26.8,28.5,18.0,17.8,18.3,17.9,18.5,21.0,,,True,False,True,,,,,,,,,,,,False,True,21.8,23.4,27.6,28.3,17.7,21.4,18.4,23.5,33.9,22.9,24.4,29.4,21.8,20.7,,,18.2,19.9,18.0,17.2,0.077,0.0,0.0,0.0,0.0,,0.0,0.0,0.0,,False,False,,
398,2023-10-29 03:21:35,2023-10-29T00:21:35Z,26.8,28.5,18.0,17.8,18.3,17.9,18.5,21.0,,,True,False,True,,,,,,,,,,,,False,True,21.8,23.4,27.6,28.3,17.5,21.4,18.4,23.5,33.9,22.9,24.4,29.4,21.8,20.7,,,18.1,19.9,18.0,17.2,0.077,0.0,0.0,0.0,0.0,,0.0,0.0,0.0,,False,False,,
399,2023-10-29 03:22:06,2023-10-29T00:22:06Z,26.8,28.5,18.0,17.8,18.3,17.9,18.5,21.0,,,True,False,True,,,,,,,,,,,,False,True,21.8,23.4,27.6,28.3,17.5,21.4,18.4,23.5,33.9,22.9,24.4,29.4,21.8,20.7,,,18.2,19.9,18.0,17.2,0.077,0.0,0.0,0.0,0.0,,0.0,0.0,0.0,,False,False,,
400,2023-10-29 03:22:36,2023-10-29T00:22:36Z,26.8,28.5,18.0,17.8,18.3,17.9,18.5,21.0,,,True,False,True,,,,,,,,,,,,False,True,21.8,23.4,27.6,28.3,17.5,21.4,18.4,23.5,33.9,22.9,24.4,29.4,21.8,20.7,,,18.1,19.9,18.0,17.2,0.077,0.0,0.0,0.0,0.0,,0.0,0.0,0.0,,False,False,,
401,2023-10-29 03:23:06,2023-10-29T00:23:06Z,26.8,28.5,18.0,17.8,18.3,17.9,18.5,21.0,,,True,False,True,,,,,,,,,,,,False,True,21.8,23.4,27.6,28.3,17.8,21.4,18.4,23.5,33.9,22.9,24.4,29.4,21.8,20.7,,,18.2,19.9,18.0,17.2,0.077,0.0,0.0,0.0,0.0,,0.0,0.0,0.0,,False,False,,
402,2023-10-29 03:23:36,2023-10-29T00:23:36Z,26.8,28.5,18.0,17.8,18.3,17.9,18.5,21.0,,,True,False,True,,,,,,,,,,,,False,True,21.8,23.4,27.6,28.3,17.7,21.4,18.4,23.5,33.9,22.9,24.4,29.4,21.8,20.7,,,18.1,19.9,18.0,17.2,0.077,0.0,0.0,0.0,0.0,,0.0,0.0,0.0,,False,False,,
403,2023-10-29 03:24:06,2023-10-29T00:24:06Z,26.8,28.5,18.0,17.8,18.3,17.9,18.5,21.0,,,True,False,True,,,,,,,,,,,,False,True,21.8,23.4,27.6,28.3,18.0,21.4,18.4,23.5,33.9,22.9,24.4,29.4,21.8,20.7,,,18.1,19.9,18.0,17.2,0.077,0.0,0.0,0.0,0.0,,0.0,0.0,0.0,,False,False,,
404,2023-10-29 03:24:37,2023-10-29T00:24:36Z,26.8,28.5,18.0,17.8,18.3,17.9,18.5,21.0,,,True,False,True,,,,,,,,,,,,False,True,21.8,23.4,27.6,28.3,17.9,21.4,18.4,23.5,33.9,22.9,24.4,29.4,21.8,20.7,,,18.1,19.9,18.0,17.2,0.076,0.0,0.0,0.0,0.0,,0.0,0.0,0.0,,False,False,,
405,2023-10-29 03:25:07,2023-10-29T00:25:07Z,26.8,28.5,18.0,17.8,18.3,17.9,18.5,21.0,,,True,False,True,,,,,,,,,,,,False,True,21.8,23.3,27.6,28.3,18.0,21.4,18.4,23.5,33.9,22.9,24.4,29.4,21.8,20.7,,,18.1,19.9,18.0,17.2,0.077,0.0,0.0,0.0,0.0,,0.0,0.0,0.0,,False,False,,
406,2023-10-29 03:25:37,2023-10-29T00:25:37Z,26.8,28.5,18.0,17.8,18.3,17.9,18.5,21.0,,,True,False,True,,,,,,,,,,,,False,True,21.8,23.3,27.6,28.3,17.8,21.4,18.4,23.5,33.9,22.9,24.4,29.4,21.8,20.7,,,18.2,19.9,18.0,17.2,0.077,0.0,0.0,0.0,0.0,,0.0,0.0,0.0,,False,False,,
407,2023-10-29 03:26:07,2023-10-29T00:26:07Z,26.8,28.5,18.0,17.8,18.3,17.9,18.5,21.0,,,True,False,True,,,,,,,,,,,,False,True,21.8,23.3,27.6,28.3,17.6,21.4,18.4,23.5,33.9,22.9,24.4,29.4,21.8,20.7,,,18.2,19.9,18.0,17.2,0.077,0.0,0.0,0.0,0.0,,0.0,0.0,0.0,,False,False,,
408,2023-10-29 03:26:38,2023-10-29T00:26:38Z,26.8,28.5,18.0,17.8,18.3,17.9,18.5,21.0,,,True,False,True,,,,,,,,,,,,False,True,21.8,23.3,27.6,28.3,17.8,21.4,18.4,23.5,33.9,22.9,24.4,29.4,21.8,20.7,,,18.2,19.9,18.0,17.2,0.077,0.0,0.0,0.0,0.0,,0.0,0.0,0.0,,False,False,,
409,2023-10-29 03:27:08,2023-10-29T00:27:08Z,26.8,28.5,18.0,17.8,18.3,17.9,18.5,21.0,,,True,False,True,,,,,,,,,,,,False,True,21.8,23.3,27.6,28.3,17.8,21.4,18.4,23.5,33.9,22.9,24.4,29.4,21.8,20.7,,,18.2,19.9,18.0,17.2,0.077,0.0,0.0,0.0,0.0,,0.0,0.0,0.0,,False,False,,
410,2023-10-29 03:27:38,2023-10-29T00:27:38Z,26.8,28.5,18.0,17.8,18.3,17.9,18.5,21.0,,,True,False,True,,,,,,,,,,,,False,True,21.7,23.3,27.6,28.3,17.7,21.4,18.4,23.5,33.9,22.9,24.4,29.4,21.8,20.7,,,18.2,19.9,18.0,17.2,0.078,0.0,0.0,0.0,0.0,,0.0,0.0,0.0,,False,False,,
411,2023-10-29 03:28:08,2023-10-29T00:28:08Z,26.8,28.5,18.0,17.8,18.3,17.9,18.5,21.0,,,True,False,True,,,,,,,,,,,,False,True,21.7,23.3,27.6,28.3,17.7,21.4,18.4,23.5,33.9,22.9,24.4,29.4,21.8,20.7,,,18.2,19.9,18.0,17.2,0.077,0.0,0.0,0.0,0.0,,0.0,0.0,0.0,,False,False,,
412,2023-10-29 03:28:38,2023-10-29T00:28:38Z,26.8,28.4,18.0,17.8,18.3,17.9,18.5,21.0,,,True,False,True,,,,,,,,,,,,False,True,21.7,23.3,27.6,28.3,17.6,21.4,18.4,23.5,33.9,22.9,24.4,29.4,21.8,20.7,,,18.2,19.9,18.0,17.2,0.077,0.0,0.0,0.0,0.0,,0.0,0.0,0.0,,False,False,,
413,2023-10-29 03:29:09,2023-10-29T00:29:08Z,26.8,28.4,18.0,17.8,18.3,17.9,18.5,21.0,,,True,False,True,,,,,,,,,,,,False,True,21.7,23.3,27.6,28.3,17.6,21.4,18.4,23.5,33.9,22.9,24.4,29.4,21.8,20.7,,,18.2,19.9,18.0,17.2,0.077,0.0,0.0,0.0,0.0,,0.0,0.0,0.0,,False,False,,
414,2023-10-29 03:29:39,2023-10-29T00:29:39Z,26.8,28.4,18.0,17.8,18.3,17.9,18.5,21.0,,,True,False,True,,,,,,,,,,,,False,True,21.7,23.3,27.6,28.3,17.6,21.4,18.4,23.5,33.9,22.9,24.4,29.4,21.8,20.7,,,18.2,19.9,18.0,17.2,0.077,0.0,0.0,0.0,0.0,,0.0,0.0,0.0,,False,False,,
415,2023-10-29 03:30:09,2023-10-29T00:30:09Z,26.8,28.4,18.0,17.8,18.3,17.9,18.5,21.0,,,True,False,True,,,,,,,,,,,,False,True,21.7,23.3,27.6,28.3,17.4,21.4,18.4,23.5,33.9,22.9,24.4,29.4,21.8,20.7,,,18.2,19.9,18.0,17.2,0.077,0.0,0.0,0.0,0.0,,0.0,0.0,0.0,,False,False,,
416,2023-10-29 03:30:40,2023-10-29T00:30:39Z,26.7,28.4,18.0,17.8,18.3,17.9,18.5,21.0,,,True,False,True,,,,,,,,,,,,False,True,21.7,23.3,27.6,28.3,17.4,21.4,18.4,23.5,33.9,22.9,24.4,29.4,21.8,20.7,,,18.2,19.9,18.0,17.2,0.077,0.0,0.0,0.0,0.0,,0.0,0.0,0.0,,False,False,,
417,2023-10-29 03:31:10,2023-10-29T00:31:10Z,26.7,28.4,18.0,17.8,18.3,17.9,18.5,21.0,,,True,False,True,,,,,,,,,,,,False,True,21.7,23.3,27.6,28.3,17.2,21.4,18.4,23.5,33.9,22.9,24.4,29.4,21.8,20.7,,,18.2,19.9,18.0,17.2,0.077,0.0,0.0,0.0,0.0,,0.0,0.0,0.0,,False,False,,
418,2023-10-29 03:31:40,2023-10-29T00:31:40Z,26.7,28.4,18.0,17.8,18.3,17.9,18.5,21.0,,,True,False,True,,,,,,,,,,,,False,True,21.7,23.3,27.6,28.3,17.3,21.4,18.4,23.5,33.9,22.9,24.4,29.4,21.8,20.7,,,18.2,19.9,18.0,17.2,0.077,0.0,0.0,0.0,0.0,,0.0,0.0,0.0,,False,False,,
419,2023-10-29 03:32:10,2023-10-29T00:32:10Z,26.7,28.4,18.0,17.8,18.3,17.9,18.5,21.0,,,True,False,True,,,,,,,,,,,,False,True,21.7,23.3,27.6,28.3,17.1,21.4,18.4,23.5,33.9,22.9,24.4,29.4,21.8,20.7,,,18.2,19.9,18.0,17.2,0.077,0.0,0.0,0.0,0.0,,0.0,0.0,0.0,,False,False,,
420,2023-10-29 03:32:41,2023-10-29T00:32:40Z,26.7,28.4,18.0,17.8,18.3,17.9,18.5,21.0,,,True,False,True,,,,,,,,,,,,False,True,21.7,23.3,27.6,28.3,17.3,21.4,18.4,23.5,33.9,22.9,24.4,29.4,21.8,20.7,,,18.2,19.9,18.0,17.2,0.077,0.0,0.0,0.0,0.0,,0.0,0.0,0.0,,False,False,,
421,2023-10-29 03:33:11,2023-10-29T00:33:11Z,26.7,28.4,18.0,17.8,18.3,17.9,18.5,21.0,,,True,False,True,,,,,,,,,,,,False,True,21.7,23.3,27.6,28.3,17.6,21.4,18.4,23.5,33.9,22.9,24.4,29.4,21.8,20.7,,,18.2,19.9,18.0,17.2,0.077,0.0,0.0,0.0,0.0,,0.0,0.0,0.0,,False,False,,
422,2023-10-29 03:33:41,2023-10-29T00:33:41Z,26.7,28.4,18.0,17.8,18.3,17.9,18.5,21.0,,,True,False,True,,,,,,,,,,,,False,True,21.7,23.3,27.6,28.3,17.7,21.4,18.4,23.5,33.9,22.9,24.4,29.4,21.8,20.7,,,18.2,19.9,18.0,17.2,0.077,0.0,0.0,0.0,0.0,,0.0,0.0,0.0,,False,False,,
423,2023-10-29 03:34:11,2023-10-29T00:34:11Z,26.7,28.4,18.0,17.8,18.3,17.9,18.5,21.0,,,True,False,True,,,,,,,,,,,,False,True,21.7,23.3,27.6,28.3,17.6,21.4,18.4,23.5,33.9,22.9,24.4,29.4,21.8,20.7,,,18.2,19.9,18.0,17.2,0.077,0.0,0.0,0.0,0.0,,0.0,0.0,0.0,,False,False,,
424,2023-10-29 03:34:42,2023-10-29T00:34:41Z,26.7,28.4,18.0,17.8,18.3,17.9,18.5,21.0,,,True,False,True,,,,,,,,,,,,False,True,21.7,23.3,27.6,28.3,17.5,21.4,18.4,23.5,33.9,22.9,24.4,29.4,21.8,20.7,,,18.2,19.9,18.0,17.2,0.077,0.0,0.0,0.0,0.0,,0.0,0.0,0.0,,False,False,,
425,2023-10-29 03:35:12,2023-10-29T00:35:12Z,26.7,28.4,18.0,17.8,18.3,17.9,18.5,21.0,,,True,False,True,,,,,,,,,,,,False,True,21.7,23.3,27.6,28.3,17.2,21.4,18.4,23.5,33.9,22.9,24.4,29.4,21.8,20.7,,,18.2,19.9,18.0,17.2,0.077,0.0,0.0,0.0,0.0,,0.0,0.0,0.0,,False,False,,
426,2023-10-29 03:35:42,2023-10-29T00:35:42Z,26.7,28.4,18.0,17.8,18.3,17.9,18.5,21.0,,,True,False,True,,,,,,,,,,,,False,True,21.7,23.3,27.6,28.3,17.3,21.4,18.4,23.5,33.9,22.9,24.4,29.4,21.8,20.7,,,18.2,19.9,18.0,17.2,0.077,0.0,0.0,0.0,0.0,,0.0,0.0,0.0,,False,False,,
427,2023-10-29 03:36:12,2023-10-29T00:36:12Z,26.7,28.4,18.0,17.8,18.3,17.9,18.5,21.0,,,True,False,True,,,,,,,,,,,,False,True,21.7,23.3,27.6,28.3,17.1,21.4,18.4,23.5,33.9,22.9,24.4,29.4,21.8,20.7,,,18.2,19.9,17.9,17.2,0.077,0.0,0.0,0.0,0.0,,0.0,0.0,0.0,,False,False,,
428,2023-10-29 03:36:42,2023-10-29T00:36:42Z,26.7,28.4,18.0,17.8,18.3,17.9,18.5,21.0,,,True,False,True,,,,,,,,,,,,False,True,21.7,23.3,27.6,28.3,17.1,21.4,18.4,23.5,33.9,22.9,24.4,29.4,21.8,20.7,,,18.2,19.9,17.9,17.2,0.077,0.0,0.0,0.0,0.0,,0.0,0.0,0.0,,False,False,,
429,2023-10-29 03:37:13,2023-10-29T00:37:12Z,26.7,28.4,18.0,17.8,18.3,17.9,18.5,21.0,,,True,False,True,,,,,,,,,,,,False,True,21.7,23.3,27.6,28.3,16.9,21.4,18.4,23.5,33.9,22.9,24.4,29.4,21.8,20.7,,,18.2,19.9,17.9,17.2,0.077,0.0,0.0,0.0,0.0,,0.0,0.0,0.0,,False,False,,
430,2023-10-29 03:37:43,2023-10-29T00:37:43Z,26.7,28.4,18.0,17.8,18.3,17.9,18.5,21.0,,,True,False,True,,,,,,,,,,,,False,True,21.7,23.3,27.6,28.3,16.9,21.4,18.4,23.5,33.9,22.9,24.4,29.4,21.8,20.6,,,18.2,19.9,17.9,17.2,0.076,0.0,0.0,0.0,0.0,,0.0,0.0,0.0,,False,False,,
431,2023-10-29 03:38:13,2023-10-29T00:38:13Z,26.7,28.4,18.0,17.8,18.3,17.9,18.5,21.0,,,True,False,True,,,,,,,,,,,,False,True,21.7,23.3,27.6,28.3,17.0,21.4,18.4,23.5,33.9,22.9,24.4,29.4,21.8,20.6,,,18.2,19.9,17.9,17.2,0.077,0.0,0.0,0.0,0.0,,0.0,0.0,0.0,,False,False,,
432,2023-10-29 03:38:44,2023-10-29T00:38:43Z,26.7,28.4,18.0,17.8,18.3,17.9,18.5,21.0,,,True,False,True,,,,,,,,,,,,False,True,21.7,23.3,27.6,28.3,16.9,21.4,18.4,23.5,33.9,22.9,24.4,29.4,21.8,20.6,,,18.2,19.9,17.9,17.2,0.077,0.0,0.0,0.0,0.0,,0.0,0.0,0.0,,False,False,,
433,2023-10-29 03:39:14,2023-10-29T00:39:14Z,26.7,28.4,18.0,17.8,18.3,17.9,18.5,21.0,,,True,False,True,,,,,,,,,,,,False,True,21.7,23.3,27.5,28.3,16.9,21.4,18.4,23.5,33.9,22.9,24.4,29.4,21.8,20.6,,,18.2,19.9,17.9,17.2,0.077,0.0,0.0,0.0,0.0,,0.0,0.0,0.0,,False,False,,
434,2023-10-29 03:39:44,2023-10-29T00:39:44Z,26.7,28.4,18.0,17.8,18.3,17.9,18.5,21.0,,,True,False,True,,,,,,,,,,,,False,True,21.7,23.3,27.5,28.3,17.1,21.4,18.4,23.5,33.9,22.9,24.4,29.4,21.8,20.6,,,18.2,19.9,17.9,17.2,0.077,0.0,0.0,0.0,0.0,,0.0,0.0,0.0,,False,False,,
435,2023-10-29 03:40:14,2023-10-29T00:40:14Z,26.7,28.4,18.0,17.8,18.3,17.9,18.5,21.0,,,True,False,True,,,,,,,,,,,,False,True,21.7,23.3,27.5,28.3,16.9,21.4,18.4,23.5,33.9,22.9,24.4,29.4,21.8,20.6,,,18.2,19.9,17.9,17.1,0.077,0.0,0.0,0.0,0.0,,0.0,0.0,0.0,,False,False,,
436,2023-10-29 03:40:45,2023-10-29T00:40:44Z,26.7,28.4,18.0,17.8,18.3,17.9,18.5,21.0,,,True,False,True,,,,,,,,,,,,False,True,21.7,23.3,27.5,28.3,17.1,21.4,18.4,23.5,33.9,22.9,24.4,29.4,21.8,20.6,,,18.2,19.9,17.9,17.1,0.077,0.0,0.0,0.0,0.0,,0.0,0.0,0.0,,False,False,,
437,2023-10-29 03:41:15,2023-10-29T00:41:15Z,26.7,28.4,18.0,17.8,18.3,17.9,18.5,21.0,,,True,False,True,,,,,,,,,,,,False,True,21.7,23.3,27.5,28.3,17.0,21.4,18.4,23.5,33.9,22.9,24.3,29.3,21.8,20.6,,,18.2,19.9,17.9,17.1,0.077,0.0,0.0,0.0,0.0,,0.0,0.0,0.0,,False,False,,
438,2023-10-29 03:41:45,2023-10-29T00:41:45Z,26.7,28.4,18.0,17.8,18.3,17.9,18.5,21.0,,,True,False,True,,,,,,,,,,,,False,True,21.7,23.3,27.5,28.3,17.0,21.4,18.4,23.5,33.9,22.9,24.3,29.3,21.8,20.6,,,18.2,19.9,17.9,17.1,0.077,0.0,0.0,0.0,0.0,,0.0,0.0,0.0,,False,False,,
439,2023-10-29 03:42:16,2023-10-29T00:42:15Z,26.7,28.4,18.0,17.8,18.3,17.9,18.5,21.0,,,True,False,True,,,,,,,,,,,,False,True,21.7,23.3,27.5,28.3,17.0,21.4,18.4,23.5,33.9,22.9,24.3,29.3,21.8,20.6,,,18.2,19.9,17.9,17.1,0.077,0.0,0.0,0.0,0.0,,0.0,0.0,0.0,,False,False,,
440,2023-10-29 03:42:46,2023-10-29T00:42:46Z,26.7,28.4,18.0,17.8,18.3,17.9,18.5,21.0,,,True,False,True,,,,,,,,,,,,False,True,21.7,23.3,27.5,28.3,16.9,21.4,18.4,23.5,33.9,22.9,24.3,29.3,21.8,20.6,,,18.2,19.8,17.9,17.1,0.077,0.0,0.0,0.0,0.0,,0.0,0.0,0.0,,False,False,,
441,2023-10-29 03:43:16,2023-10-29T00:43:16Z,26.7,28.4,18.0,17.8,18.3,17.9,18.5,21.0,,,True,False,True,,,,,,,,,,,,False,True,21.7,23.3,27.5,28.3,17.1,21.4,18.4,23.5,33.9,22.9,24.3,29.3,21.8,20.6,,,18.1,19.8,17.9,17.1,0.077,0.0,0.0,0.0,0.0,,0.0,0.0,0.0,,False,False,,
442,2023-10-29 03:43:46,2023-10-29T00:43:46Z,26.7,28.4,18.0,17.8,18.3,17.9,18.5,21.0,,,True,False,True,,,,,,,,,,,,False,True,21.7,23.3,27.5,28.3,16.8,21.4,18.4,23.5,33.9,22.9,24.3,29.3,21.8,20.6,,,18.1,19.8,17.9,17.1,0.077,0.0,0.0,0.0,0.0,,0.0,0.0,0.0,,False,False,,
443,2023-10-29 03:44:16,2023-10-29T00:44:16Z,26.7,28.4,18.0,17.8,18.3,17.9,18.5,21.0,,,True,False,True,,,,,,,,,,,,False,True,21.7,23.3,27.5,28.3,16.8,21.4,18.4,23.5,33.9,22.9,24.3,29.3,21.8,20.6,,,18.1,19.8,17.9,17.1,0.077,0.0,0.0,0.0,0.0,,0.0,0.0,0.0,,False,False,,
444,2023-10-29 03:44:47,2023-10-29T00:44:46Z,26.7,28.4,18.0,17.8,18.3,17.9,18.5,21.0,,,True,False,True,,,,,,,,,,,,False,True,21.7,23.3,27.5,28.3,16.9,21.4,18.4,23.5,33.9,22.9,24.3,29.3,21.8,20.6,,,18.1,19.8,17.9,17.1,0.077,0.0,0.0,3.721,0.0,,0.0,0.0,0.0,,False,False,,
445,2023-10-29 03:45:17,2023-10-29T00:45:17Z,26.7,28.4,18.0,17.8,18.3,17.9,18.5,21.0,,,True,False,True,,,,,,,,,,,,False,True,21.7,23.3,27.5,28.3,16.9,21.4,18.4,23.5,33.9,22.9,24.3,29.3,21.7,20.6,,,18.1,19.8,17.9,17.1,0.077,0.0,0.0,0.0,0.0,,0.0,0.0,0.0,,False,False,,
446,2023-10-29 03:45:47,2023-10-29T00:45:47Z,26.7,28.4,18.0,17.8,18.3,17.9,18.5,21.0,,,True,False,True,,,,,,,,,,,,False,True,21.7,23.3,27.5,28.3,16.7,21.4,18.4,23.5,33.9,22.9,24.3,29.3,21.8,20.6,,,18.1,19.8,17.9,17.1,0.077,0.0,0.0,0.0,0.0,,0.0,0.0,0.0,,False,False,,
447,2023-10-29 03:46:17,2023-10-29T00:46:17Z,26.7,28.4,18.0,17.8,18.3,17.9,18.5,21.0,,,True,False,True,,,,,,,,,,,,False,True,21.7,23.3,27.5,28.2,16.8,21.4,18.4,23.5,33.9,22.9,24.3,29.3,21.8,20.6,,,18.1,19.8,17.9,17.1,0.077,0.0,0.0,0.0,0.0,,0.0,0.0,0.0,,False,False,,
448,2023-10-29 03:46:47,2023-10-29T00:46:47Z,26.7,28.4,18.0,17.8,18.3,17.9,18.5,21.0,,,True,False,True,,,,,,,,,,,,False,True,21.7,23.3,27.5,28.2,16.8,21.4,18.4,23.5,33.9,22.9,24.3,29.3,21.7,20.6,,,18.1,19.8,17.9,17.1,0.076,0.0,0.0,0.0,0.0,,0.0,0.0,0.0,,False,False,,
449,2023-10-29 03:47:18,2023-10-29T00:47:17Z,26.7,28.4,18.0,17.8,18.3,17.9,18.5,21.0,,,True,False,True,,,,,,,,,,,,False,True,21.7,23.3,27.5,28.2,16.9,21.4,18.4,23.5,33.9,22.9,24.3,29.3,21.8,20.6,,,18.1,19.8,17.9,17.1,0.077,0.0,0.0,0.0,0.0,,0.0,0.0,0.0,,False,False,,
450,2023-10-29 03:47:48,2023-10-29T00:47:48Z,26.7,28.4,18.0,17.8,18.3,17.9,18.5,21.0,,,True,False,True,,,,,,,,,,,,False,True,21.7,23.3,27.5,28.2,16.8,21.4,18.4,23.5,33.9,22.9,24.3,29.3,21.7,20.6,,,18.1,19.8,17.9,17.1,0.077,0.0,0.0,0.0,0.0,,0.0,0.0,0.0,,False,False,,
451,2023-10-29 03:48:18,2023-10-29T00:48:18Z,26.7,28.4,18.0,17.8,18.3,17.9,18.5,21.0,,,True,False,True,,,,,,,,,,,,False,True,21.7,23.3,27.5,28.2,16.7,21.4,18.4,23.5,33.9,22.9,24.3,29.3,21.7,20.6,,,18.1,19.8,17.9,17.1,0.077,0.0,0.0,0.0,0.0,,0.0,0.0,0.0,,False,False,,
452,2023-10-29 03:48:49,2023-10-29T00:48:48Z,26.7,28.4,18.0,17.8,18.2,17.9,18.5,21.0,,,True,False,True,,,,,,,,,,,,False,True,21.7,23.3,27.5,28.2,16.7,21.4,18.4,23.5,33.9,22.9,24.3,29.3,21.7,20.6,,,18.1,19.8,17.9,17.1,0.077,0.0,0.0,0.0,0.0,,0.0,0.0,0.0,,False,False,,
453,2023-10-29 03:49:19,2023-10-29T00:49:19Z,26.7,28.4,18.0,17.7,18.2,17.9,18.5,21.0,,,True,False,True,,,,,,,,,,,,False,True,21.7,-21.0,27.5,28.2,16.9,21.4,18.4,23.5,33.9,22.9,24.3,29.3,21.7,20.6,,,18.1,19.8,17.9,17.1,0.077,0.0,0.0,0.0,0.0,,0.0,0.0,0.0,,False,False,,
454,2023-10-29 03:49:49,2023-10-29T00:49:49Z,26.7,28.4,18.0,17.7,18.2,17.9,18.5,21.0,,,True,False,True,,,,,,,,,,,,False,True,21.7,23.3,27.5,28.2,16.9,21.4,18.4,23.5,33.9,22.9,24.3,29.3,21.7,20.6,,,18.1,19.8,17.9,17.1,0.077,0.0,0.0,0.0,0.0,,0.0,0.0,0.0,,False,False,,
455,2023-10-29 03:50:19,2023-10-29T00:50:19Z,26.7,28.4,18.0,17.7,18.2,17.9,18.5,21.0,,,True,False,True,,,,,,,,,,,,False,True,21.7,23.3,27.5,28.2,16.7,21.4,18.4,23.5,33.9,22.9,24.3,29.3,21.7,20.6,,,18.1,19.8,17.9,17.1,0.077,0.0,0.0,0.0,0.0,,0.0,0.0,0.0,,False,False,,
456,2023-10-29 03:50:49,2023-10-29T00:50:49Z,26.7,28.4,18.0,17.7,18.2,17.9,18.5,21.0,,,True,False,True,,,,,,,,,,,,False,True,21.7,23.3,27.5,28.2,16.7,21.4,18.4,23.5,33.9,22.9,24.3,29.3,21.7,20.6,,,18.1,19.8,17.9,17.1,0.077,0.0,0.0,0.0,0.0,,0.0,0.0,0.0,,False,False,,
457,2023-10-29 03:51:20,2023-10-29T00:51:19Z,26.7,28.4,18.0,17.7,18.2,17.9,18.5,21.0,,,True,False,True,,,,,,,,,,,,False,True,21.7,23.3,27.5,28.2,16.7,21.4,18.4,23.5,33.9,22.9,24.3,29.3,21.7,20.6,,,18.1,19.8,17.9,17.1,0.077,0.0,0.0,0.0,0.0,,0.0,0.0,0.0,,False,False,,
458,2023-10-29 03:51:50,2023-10-29T00:51:50Z,26.7,28.4,18.0,17.7,18.2,17.9,18.5,21.0,,,True,False,True,,,,,,,,,,,,False,True,21.7,23.3,27.5,28.2,16.7,21.4,18.4,23.5,33.9,22.9,24.3,29.3,21.7,20.6,,,18.1,19.8,17.9,17.1,0.077,0.0,0.0,0.0,0.0,,0.0,0.0,0.0,,False,False,,
459,2023-10-29 03:52:21,2023-10-29T00:52:20Z,26.7,28.4,18.0,17.7,18.2,17.9,18.5,21.0,,,True,False,True,,,,,,,,,,,,False,True,21.7,23.3,27.5,28.2,16.8,21.4,18.4,23.5,33.9,22.9,24.3,29.3,21.7,20.6,,,18.1,19.8,17.9,17.1,0.077,0.0,0.0,0.0,0.0,,0.0,0.0,0.0,,False,False,,
460,2023-10-29 03:52:51,2023-10-29T00:52:51Z,26.7,28.4,18.0,17.7,18.2,17.9,18.5,21.0,,,True,False,True,,,,,,,,,,,,False,True,21.7,23.2,27.5,28.2,16.7,21.4,18.4,23.5,33.9,22.9,24.3,29.3,21.7,20.6,,,18.1,19.8,17.9,17.1,0.077,0.0,0.0,0.0,0.0,,0.0,0.0,0.0,,False,False,,
461,2023-10-29 03:53:22,2023-10-29T00:53:21Z,26.7,28.4,18.0,17.7,18.2,17.8,18.5,21.0,,,True,False,True,,,,,,,,,,,,False,True,21.7,23.2,27.5,28.2,16.8,21.4,18.4,23.5,33.9,22.9,24.3,29.3,21.7,20.6,,,18.1,19.8,17.9,17.1,0.077,0.0,0.0,0.0,0.0,,0.0,0.0,0.0,,False,False,,
462,2023-10-29 03:53:53,2023-10-29T00:53:52Z,26.7,28.4,18.0,17.7,18.2,17.8,18.5,21.0,,,True,False,True,,,,,,,,,,,,False,True,21.6,23.2,27.5,28.2,16.8,21.4,18.4,23.5,33.9,22.9,24.3,29.3,21.7,20.6,,,18.1,19.8,17.9,17.1,0.077,0.0,0.0,0.0,0.0,,0.0,0.0,0.0,,False,False,,
463,2023-10-29 03:54:23,2023-10-29T00:54:23Z,26.7,28.4,17.9,17.7,18.2,17.8,18.5,21.0,,,True,False,True,,,,,,,,,,,,False,True,21.6,23.2,27.5,28.2,16.8,21.4,18.4,23.5,33.9,22.9,24.3,29.3,21.7,20.6,,,18.1,19.8,17.9,17.1,0.077,0.0,0.0,0.0,0.0,,0.0,0.0,0.0,,False,False,,
464,2023-10-29 03:54:53,2023-10-29T00:54:53Z,26.7,28.4,17.9,17.7,18.2,17.8,18.5,21.0,,,True,False,True,,,,,,,,,,,,False,True,21.6,23.2,27.5,28.2,16.8,21.4,18.4,23.5,33.9,22.9,24.3,29.3,21.7,20.6,,,18.1,19.8,17.9,17.1,0.077,0.0,0.0,0.0,0.0,,0.0,0.0,0.0,,False,False,,
465,2023-10-29 03:55:23,2023-10-29T00:55:23Z,26.7,28.4,17.9,17.7,18.2,17.8,18.5,21.0,,,True,False,True,,,,,,,,,,,,False,True,21.6,23.2,27.5,28.2,17.0,21.4,18.4,23.5,33.9,22.9,24.3,29.3,21.7,20.6,,,18.1,19.8,17.8,17.1,0.077,0.0,0.0,0.0,0.0,,0.0,0.0,0.0,,False,False,,
466,2023-10-29 03:55:53,2023-10-29T00:55:53Z,26.7,28.4,17.9,17.7,18.2,17.8,18.5,21.0,,,True,False,True,,,,,,,,,,,,False,True,21.6,23.2,27.5,28.2,16.9,21.4,18.4,23.5,33.9,22.9,24.3,29.3,21.7,20.6,,,18.1,19.8,17.8,17.0,0.077,0.0,0.0,0.0,0.0,,0.0,0.0,0.0,,False,False,,
467,2023-10-29 03:56:24,2023-10-29T00:56:23Z,26.6,28.4,17.9,17.7,18.2,17.8,18.5,21.0,,,True,False,True,,,,,,,,,,,,False,True,21.6,23.2,27.5,28.2,16.9,21.4,18.4,23.5,33.9,22.9,24.3,29.3,21.7,20.6,,,18.1,19.8,17.8,17.0,0.077,0.0,0.0,0.0,0.0,,0.0,0.0,0.0,,False,False,,
468,2023-10-29 03:56:54,2023-10-29T00:56:54Z,26.6,28.4,17.9,17.7,18.2,17.8,18.5,21.0,,,True,False,True,,,,,,,,,,,,False,True,21.6,23.2,27.5,28.2,16.9,21.4,18.4,23.5,33.9,22.9,24.3,29.3,21.7,20.6,,,18.1,19.8,17.8,17.0,0.077,0.0,0.0,0.0,0.0,,0.0,0.0,0.0,,False,False,,
469,2023-10-29 03:57:24,2023-10-29T00:57:24Z,26.6,28.4,17.9,17.7,18.2,17.8,18.5,21.0,,,True,False,True,,,,,,,,,,,,False,True,21.6,23.2,27.5,28.2,16.9,21.4,18.4,23.5,33.9,22.9,24.3,29.3,21.7,20.6,,,18.1,19.8,17.8,17.0,0.077,0.0,0.0,0.0,0.0,,0.0,0.0,0.0,,False,False,,
470,2023-10-29 03:57:55,2023-10-29T00:57:54Z,26.6,28.4,17.9,17.7,18.2,17.8,18.5,21.0,,,True,False,True,,,,,,,,,,,,False,True,21.6,23.2,27.5,28.2,16.8,21.4,18.4,23.5,33.9,22.9,24.3,29.3,21.7,20.6,,,18.1,19.8,17.8,17.0,0.077,0.0,0.0,0.0,0.0,,0.0,0.0,0.0,,False,False,,
471,2023-10-29 03:58:25,2023-10-29T00:58:25Z,26.6,28.4,17.9,17.7,18.2,17.8,18.5,21.0,,,True,False,True,,,,,,,,,,,,False,True,21.6,23.2,27.5,28.2,16.9,21.4,18.4,23.5,33.9,22.9,24.3,29.3,21.7,20.6,,,18.1,19.8,17.8,17.0,0.077,0.0,0.0,0.0,0.0,,0.0,0.0,0.0,,False,False,,
472,2023-10-29 03:58:55,2023-10-29T00:58:55Z,26.6,28.3,17.9,17.7,18.2,17.8,18.5,21.0,,,True,False,True,,,,,,,,,,,,False,True,21.6,23.2,27.5,28.2,16.7,21.4,18.4,23.5,33.9,22.9,24.3,29.3,21.7,20.6,,,18.1,19.8,17.8,17.0,0.077,0.0,0.0,0.0,0.0,,0.0,0.0,0.0,,False,False,,
473,2023-10-29 03:59:25,2023-10-29T00:59:25Z,26.6,28.3,17.9,17.7,18.2,17.8,18.4,21.0,,,True,False,True,,,,,,,,,,,,False,True,21.6,23.2,27.5,28.2,16.8,21.4,18.4,23.5,33.9,22.9,24.3,29.3,21.7,20.6,,,18.1,19.8,17.8,17.0,0.077,0.0,0.0,0.0,0.0,,0.0,0.0,0.0,,False,False,,
474,2023-10-29 03:59:55,2023-10-29T00:59:55Z,26.6,28.3,17.9,17.7,18.2,17.8,18.4,21.0,,,True,False,True,,,,,,,,,,,,False,True,21.6,23.2,27.5,28.2,16.7,21.4,18.4,23.5,33.9,22.9,24.3,29.4,21.7,20.6,,,18.1,19.8,17.8,17.0,0.077,0.0,0.0,0.0,0.0,,0.0,0.0,0.0,,False,False,,
475,2023-10-29 03:00:25,2023-10-29T01:00:25Z,26.6,28.3,17.9,17.7,18.2,17.8,18.4,21.0,,,True,False,True,,,,,,,,,,,,False,True,21.6,23.2,27.5,28.2,16.8,21.4,18.4,23.5,33.9,22.9,24.3,29.4,21.7,20.6,,,18.1,19.7,17.8,17.0,0.077,0.0,0.0,0.0,0.0,,0.0,0.0,0.0,,False,False,,
476,2023-10-29 03:00:56,2023-10-29T01:00:56Z,26.6,28.3,17.9,17.7,18.2,17.8,18.4,21.0,,,True,False,True,,,,,,,,,,,,False,True,21.6,23.2,27.5,28.2,16.9,21.4,18.4,23.5,33.9,22.9,24.3,29.3,21.7,20.6,,,18.1,19.7,17.8,17.0,0.077,0.0,0.0,0.0,0.0,,0.0,0.0,0.0,,False,False,,
477,2023-10-29 03:01:26,2023-10-29T01:01:26Z,26.6,28.3,17.9,17.7,18.2,17.8,18.4,21.0,,,True,False,True,,,,,,,,,,,,False,True,21.6,23.2,27.5,28.2,16.8,21.4,18.4,23.5,33.8,22.9,24.3,29.3,21.7,20.6,,,18.1,19.7,17.8,17.0,0.077,0.0,0.0,0.0,0.0,,0.0,0.0,0.0,,False,False,,
478,2023-10-29 03:01:56,2023-10-29T01:01:56Z,26.6,28.3,17.9,17.7,18.2,17.8,18.4,21.0,,,True,False,True,,,,,,,,,,,,False,True,21.6,23.2,27.5,28.2,16.9,21.4,18.4,23.5,33.8,22.9,24.3,29.3,21.7,20.6,,,18.1,19.7,17.8,17.0,0.077,0.0,0.0,0.0,0.0,,0.0,0.0,0.0,,False,False,,
479,2023-10-29 03:02:26,2023-10-29T01:02:26Z,26.6,28.3,17.9,17.7,18.2,17.8,18.4,21.0,,,True,False,True,,,,,,,,,,,,False,True,21.6,23.2,27.5,28.2,16.8,21.4,18.4,23.5,33.8,22.9,24.3,29.3,21.7,20.6,,,18.1,19.7,17.8,17.0,0.077,0.0,0.0,0.0,0.0,,0.0,0.0,0.0,,False,False,,
480,2023-10-29 03:02:56,2023-10-29T01:02:56Z,26.6,28.3,17.9,17.7,18.2,17.8,18.4,21.0,,,True,False,True,,,,,,,,,,,,False,True,21.6,23.2,27.5,28.2,16.9,21.4,18.4,23.5,33.8,22.9,24.3,29.3,21.7,20.6,,,18.1,19.7,17.8,17.0,0.077,0.0,0.0,0.0,0.0,,0.0,0.0,0.0,,False,False,,
481,2023-10-29 03:03:27,2023-10-29T01:03:26Z,26.6,28.3,17.9,17.7,18.2,17.8,18.4,21.0,,,True,False,True,,,,,,,,,,,,False,True,21.6,23.2,27.5,28.2,16.8,21.4,18.4,23.5,33.8,22.9,24.3,29.3,21.7,20.6,,,18.1,19.7,17.8,17.0,0.077,0.0,0.0,0.0,0.0,,0.0,0.0,0.0,,False,False,,
482,2023-10-29 03:03:57,2023-10-29T01:03:57Z,26.6,28.3,17.9,17.7,18.2,17.8,18.4,21.0,,,True,False,True,,,,,,,,,,,,False,True,21.6,23.2,27.5,28.2,16.8,21.4,18.4,23.5,33.8,22.9,24.3,29.3,21.7,20.6,,,18.1,19.7,17.8,17.0,0.077,0.0,0.0,0.0,0.0,,0.0,0.0,0.0,,False,False,,
483,2023-10-29 03:04:27,2023-10-29T01:04:27Z,26.6,28.3,17.9,17.7,18.2,17.8,18.4,21.0,,,True,False,True,,,,,,,,,,,,False,True,21.6,23.2,27.5,28.2,16.7,21.4,18.4,23.5,33.8,22.9,24.3,29.3,21.7,20.6,,,18.1,19.7,17.8,17.0,0.077,0.0,0.0,0.0,0.0,,0.0,0.0,0.0,,False,False,,
484,2023-10-29 03:04:57,2023-10-29T01:04:57Z,26.6,28.3,17.9,17.7,18.2,17.8,18.4,21.0,,,True,False,True,,,,,,,,,,,,False,True,21.6,23.2,27.5,28.2,16.8,21.4,18.4,23.5,33.8,22.9,24.3,29.3,21.7,20.6,,,18.1,19.7,17.8,17.0,0.077,0.0,0.0,0.0,0.0,,0.0,0.0,0.0,,False,False,,
485,2023-10-29 03:05:27,2023-10-29T01:05:27Z,26.6,28.3,17.9,17.7,18.2,17.8,18.4,21.0,,,True,False,True,,,,,,,,,,,,False,True,21.6,23.2,27.5,28.2,16.9,21.4,18.4,23.5,33.8,22.9,24.3,29.3,21.7,20.6,,,18.1,19.7,17.8,17.0,0.077,0.0,0.0,0.0,0.0,,0.0,0.0,0.0,,False,False,,
486,2023-10-29 03:05:58,2023-10-29T01:05:57Z,26.6,28.3,17.9,17.7,18.2,17.8,18.4,21.0,,,True,False,True,,,,,,,,,,,,False,True,21.6,23.2,27.5,28.2,16.8,21.4,18.4,23.5,33.8,22.9,24.3,29.3,21.7,20.5,,,18.1,19.7,17.8,17.0,0.077,0.0,0.0,0.0,0.0,,0.0,0.0,0.0,,False,False,,
487,2023-10-29 03:06:28,2023-10-29T01:06:28Z,26.6,28.3,17.9,17.7,18.2,17.8,18.4,21.0,,,True,False,True,,,,,,,,,,,,False,True,21.6,23.2,27.5,28.2,16.7,21.4,18.4,23.5,33.8,22.9,24.3,29.3,21.7,20.5,,,18.1,19.7,17.8,17.0,0.078,0.0,0.0,0.0,0.0,,0.0,0.0,0.0,,False,False,,
488,2023-10-29 03:06:58,2023-10-29T01:06:58Z,26.6,28.3,17.9,17.7,18.2,17.8,18.4,21.0,,,True,False,True,,,,,,,,,,,,False,True,21.6,23.2,27.5,28.2,16.8,21.4,18.4,23.5,33.8,22.9,24.3,29.3,21.7,20.5,,,18.1,19.7,17.8,17.0,0.077,0.0,0.0,0.0,0.0,,0.0,0.0,0.0,,False,False,,
489,2023-10-29 03:07:28,2023-10-29T01:07:28Z,26.6,28.3,17.9,17.7,18.2,17.8,18.4,21.0,,,True,False,True,,,,,,,,,,,,False,True,21.6,23.2,27.5,28.2,16.6,21.4,18.4,23.5,33.8,22.9,24.3,29.3,21.7,20.5,,,18.1,19.7,17.8,17.0,0.077,0.0,0.0,0.0,0.0,,0.0,0.0,0.0,,False,False,,
490,2023-10-29 03:07:59,2023-10-29T01:07:58Z,26.6,28.3,17.9,17.7,18.2,17.8,18.4,21.0,,,True,False,True,,,,,,,,,,,,False,True,21.6,23.2,27.5,28.2,16.7,21.4,18.4,23.5,33.8,22.9,24.3,29.3,21.7,20.5,,,18.1,19.7,17.8,17.0,0.077,0.0,0.0,0.0,0.0,,0.0,0.0,0.0,,False,False,,
491,2023-10-29 03:08:29,2023-10-29T01:08:29Z,26.6,28.3,17.9,17.7,18.2,17.8,18.4,21.0,,,True,False,True,,,,,,,,,,,,False,True,21.6,23.2,27.4,28.2,16.7,21.4,18.4,23.5,33.8,22.9,24.3,29.3,21.7,20.5,,,18.1,19.7,17.8,17.0,0.078,0.0,0.0,0.0,0.0,,0.0,0.0,0.0,,False,False,,
492,2023-10-29 03:09:00,2023-10-29T01:08:59Z,26.6,28.3,17.9,17.7,18.2,17.8,18.4,21.0,,,True,False,True,,,,,,,,,,,,False,True,21.6,23.2,27.4,28.2,16.7,21.4,18.4,23.5,33.8,22.9,24.3,29.3,21.7,20.5,,,18.1,19.7,17.8,17.0,0.077,0.0,0.0,0.0,0.0,,0.0,0.0,0.0,,False,False,,
493,2023-10-29 03:09:30,2023-10-29T01:09:30Z,26.6,28.3,17.9,17.7,18.2,17.8,18.4,21.0,,,True,False,True,,,,,,,,,,,,False,True,21.6,23.2,27.4,28.2,16.6,21.4,18.4,23.5,33.8,22.9,24.3,29.3,21.7,20.5,,,18.1,19.7,17.8,17.0,0.077,0.0,0.0,0.0,0.0,,0.0,0.0,0.0,,False,False,,
494,2023-10-29 03:10:00,2023-10-29T01:10:00Z,26.6,28.3,17.9,17.7,18.2,17.8,18.4,20.9,,,True,False,True,,,,,,,,,,,,False,True,21.6,23.2,27.4,28.2,16.6,21.4,18.4,23.5,33.8,22.9,24.3,29.3,21.7,20.5,,,18.1,19.7,17.8,17.0,0.077,0.0,0.0,0.0,0.0,,0.0,0.0,0.0,,False,False,,
495,2023-10-29 03:10:31,2023-10-29T01:10:31Z,26.6,28.3,17.9,17.7,18.2,17.8,18.4,20.9,,,True,False,True,,,,,,,,,,,,False,True,21.6,23.2,27.4,28.2,16.6,21.4,18.4,23.5,33.8,22.9,24.3,29.3,21.7,20.5,,,18.1,19.7,17.8,17.0,0.077,0.0,0.0,0.0,0.0,,0.0,0.0,0.0,,False,False,,
